0.45;0.26;-0.3;1.0;0.46;0.23;-0.27;1.0;0.47;0.23;-0.27;1.0;0.48;0.23;-0.27;1.0;0.44;0.23;-0.27;1.0;0.43;0.23;-0.27;1.0;0.42;0.23;-0.27;1.0;0.5;0.25;-0.1;1.0;0.42;0.25;-0.09;1.0;0.46;0.29;-0.24;1.0;0.43;0.3;-0.23;1.0;0.57;0.41;-0.01;1.0;0.36;0.43;-0.0;1.0;0.72;0.43;-0.22;1.0;0.33;0.67;0.13;0.99;0.68;0.2;-0.49;1.0;0.32;0.85;0.14;0.98;0.69;0.13;-0.55;1.0;0.31;0.93;0.15;0.96;0.67;0.13;-0.51;0.99;0.32;0.93;0.1;0.97;0.66;0.15;-0.48;0.99;0.33;0.91;0.13;0.97;0.54;0.88;-0.01;0.99;0.39;0.88;0.01;0.99;0.54;1.24;0.02;0.26;0.4;1.22;0.02;0.25;0.55;1.54;0.28;0.01;0.42;1.52;0.2;0.01;0.56;1.58;0.3;0.01;0.42;1.56;0.21;0.01;0.55;1.65;0.07;0.01;0.45;1.63;-0.04;0.01
0.45;0.26;-0.28;1.0;0.46;0.23;-0.26;1.0;0.47;0.23;-0.26;1.0;0.48;0.23;-0.26;1.0;0.44;0.23;-0.26;1.0;0.43;0.23;-0.26;1.0;0.42;0.23;-0.26;1.0;0.5;0.25;-0.1;1.0;0.42;0.25;-0.09;1.0;0.46;0.29;-0.22;1.0;0.43;0.3;-0.22;1.0;0.57;0.41;-0.01;1.0;0.36;0.43;-0.0;1.0;0.72;0.43;-0.2;1.0;0.33;0.67;0.14;0.99;0.68;0.2;-0.46;1.0;0.32;0.85;0.17;0.98;0.69;0.13;-0.52;1.0;0.31;0.93;0.18;0.96;0.67;0.13;-0.48;1.0;0.32;0.93;0.14;0.97;0.66;0.15;-0.45;1.0;0.33;0.91;0.16;0.97;0.54;0.88;-0.01;0.99;0.39;0.88;0.01;0.99;0.54;1.23;0.02;0.26;0.41;1.22;0.02;0.25;0.56;1.54;0.28;0.01;0.42;1.52;0.19;0.01;0.56;1.58;0.3;0.01;0.42;1.56;0.2;0.01;0.55;1.64;0.07;0.01;0.45;1.63;-0.04;0.01
0.45;0.26;-0.29;1.0;0.46;0.23;-0.26;1.0;0.47;0.23;-0.26;1.0;0.48;0.23;-0.26;1.0;0.44;0.23;-0.26;1.0;0.43;0.23;-0.26;1.0;0.42;0.23;-0.26;1.0;0.5;0.25;-0.1;1.0;0.42;0.25;-0.09;1.0;0.46;0.29;-0.23;1.0;0.43;0.3;-0.22;1.0;0.57;0.41;-0.01;1.0;0.36;0.43;-0.0;1.0;0.72;0.43;-0.22;1.0;0.33;0.67;0.12;0.99;0.68;0.2;-0.5;1.0;0.32;0.85;0.14;0.98;0.69;0.13;-0.56;1.0;0.31;0.93;0.14;0.96;0.67;0.13;-0.53;1.0;0.32;0.93;0.09;0.97;0.66;0.15;-0.49;1.0;0.33;0.91;0.12;0.97;0.54;0.88;-0.01;0.99;0.39;0.88;0.01;0.99;0.54;1.23;0.02;0.26;0.41;1.22;0.02;0.25;0.56;1.54;0.28;0.01;0.42;1.52;0.19;0.01;0.56;1.58;0.29;0.01;0.42;1.56;0.2;0.01;0.55;1.64;0.07;0.01;0.45;1.63;-0.05;0.01
0.45;0.26;-0.28;1.0;0.46;0.23;-0.26;1.0;0.47;0.23;-0.26;1.0;0.48;0.23;-0.26;1.0;0.44;0.23;-0.26;1.0;0.43;0.23;-0.26;1.0;0.42;0.23;-0.26;1.0;0.5;0.25;-0.1;1.0;0.42;0.25;-0.09;1.0;0.46;0.29;-0.22;1.0;0.43;0.3;-0.22;1.0;0.57;0.41;-0.02;1.0;0.36;0.43;-0.0;1.0;0.72;0.43;-0.24;1.0;0.33;0.66;0.13;0.99;0.68;0.2;-0.52;1.0;0.32;0.85;0.2;0.98;0.69;0.13;-0.58;1.0;0.31;0.93;0.21;0.96;0.67;0.13;-0.54;0.99;0.32;0.93;0.17;0.97;0.66;0.15;-0.51;1.0;0.33;0.91;0.18;0.97;0.54;0.88;-0.01;0.99;0.39;0.88;0.01;0.99;0.55;1.23;0.02;0.26;0.41;1.21;0.02;0.26;0.56;1.53;0.27;0.01;0.42;1.52;0.2;0.01;0.56;1.58;0.29;0.01;0.42;1.56;0.21;0.01;0.55;1.64;0.08;0.01;0.45;1.62;-0.02;0.01
0.45;0.26;-0.29;1.0;0.46;0.23;-0.27;1.0;0.47;0.23;-0.27;1.0;0.48;0.23;-0.27;1.0;0.44;0.23;-0.27;1.0;0.43;0.23;-0.27;1.0;0.42;0.23;-0.27;1.0;0.5;0.25;-0.11;1.0;0.42;0.25;-0.1;1.0;0.46;0.29;-0.23;1.0;0.43;0.3;-0.23;1.0;0.57;0.41;-0.02;1.0;0.36;0.43;-0.0;1.0;0.72;0.43;-0.24;1.0;0.33;0.66;0.16;0.99;0.68;0.2;-0.54;1.0;0.32;0.85;0.24;0.98;0.69;0.13;-0.61;1.0;0.31;0.93;0.25;0.96;0.67;0.13;-0.57;0.99;0.32;0.93;0.21;0.97;0.66;0.15;-0.54;0.99;0.33;0.91;0.22;0.97;0.54;0.88;-0.01;0.99;0.39;0.88;0.01;0.99;0.55;1.23;0.02;0.26;0.41;1.21;0.01;0.26;0.56;1.53;0.28;0.01;0.42;1.52;0.2;0.01;0.56;1.58;0.3;0.01;0.42;1.56;0.21;0.01;0.55;1.64;0.09;0.01;0.45;1.62;-0.03;0.01
0.45;0.26;-0.32;1.0;0.46;0.23;-0.3;1.0;0.47;0.23;-0.3;1.0;0.48;0.23;-0.29;1.0;0.44;0.23;-0.29;1.0;0.43;0.23;-0.29;1.0;0.42;0.23;-0.29;1.0;0.5;0.25;-0.12;1.0;0.42;0.25;-0.11;1.0;0.47;0.29;-0.25;1.0;0.43;0.3;-0.25;1.0;0.57;0.41;-0.03;1.0;0.36;0.43;-0.0;1.0;0.72;0.43;-0.26;1.0;0.33;0.66;0.18;0.99;0.68;0.2;-0.58;1.0;0.32;0.86;0.24;0.98;0.69;0.13;-0.64;1.0;0.31;0.93;0.25;0.96;0.67;0.13;-0.6;0.99;0.32;0.93;0.2;0.97;0.66;0.15;-0.57;0.99;0.33;0.91;0.22;0.97;0.54;0.88;-0.01;0.99;0.39;0.88;0.01;0.99;0.55;1.23;0.01;0.26;0.41;1.21;0.0;0.25;0.56;1.53;0.3;0.01;0.42;1.52;0.2;0.01;0.56;1.58;0.32;0.01;0.42;1.56;0.21;0.01;0.55;1.64;0.1;0.01;0.45;1.62;-0.04;0.01
0.45;0.26;-0.32;1.0;0.47;0.23;-0.29;1.0;0.47;0.23;-0.29;1.0;0.48;0.23;-0.29;1.0;0.44;0.23;-0.29;1.0;0.43;0.23;-0.29;1.0;0.42;0.23;-0.29;1.0;0.5;0.24;-0.12;1.0;0.42;0.25;-0.11;1.0;0.47;0.29;-0.25;1.0;0.43;0.3;-0.25;1.0;0.57;0.4;-0.03;1.0;0.36;0.43;-0.0;1.0;0.72;0.43;-0.25;1.0;0.33;0.66;0.16;0.99;0.69;0.2;-0.57;1.0;0.32;0.86;0.17;0.98;0.69;0.13;-0.64;1.0;0.31;0.93;0.17;0.96;0.67;0.13;-0.6;0.99;0.32;0.93;0.12;0.97;0.66;0.15;-0.56;0.99;0.33;0.91;0.15;0.97;0.54;0.88;-0.01;0.99;0.4;0.88;0.01;0.99;0.55;1.23;0.01;0.27;0.41;1.21;-0.0;0.26;0.56;1.54;0.29;0.01;0.42;1.52;0.17;0.01;0.56;1.58;0.32;0.01;0.42;1.56;0.18;0.01;0.55;1.64;0.09;0.01;0.45;1.63;-0.08;0.01
0.45;0.26;-0.32;1.0;0.47;0.23;-0.3;1.0;0.47;0.23;-0.3;1.0;0.48;0.23;-0.3;1.0;0.44;0.23;-0.29;1.0;0.43;0.23;-0.29;1.0;0.42;0.23;-0.29;1.0;0.5;0.24;-0.12;1.0;0.42;0.25;-0.11;1.0;0.47;0.29;-0.25;1.0;0.43;0.3;-0.25;1.0;0.57;0.4;-0.03;1.0;0.36;0.43;0.0;1.0;0.72;0.43;-0.25;1.0;0.33;0.66;0.15;0.99;0.69;0.2;-0.58;1.0;0.32;0.86;0.12;0.98;0.69;0.13;-0.66;1.0;0.31;0.93;0.12;0.96;0.67;0.13;-0.62;0.99;0.32;0.93;0.07;0.97;0.66;0.15;-0.58;0.99;0.33;0.91;0.11;0.97;0.54;0.88;-0.01;0.99;0.4;0.88;0.01;0.99;0.55;1.23;0.0;0.27;0.41;1.21;-0.02;0.27;0.56;1.54;0.27;0.01;0.42;1.53;0.14;0.01;0.56;1.58;0.29;0.01;0.42;1.57;0.15;0.01;0.55;1.64;0.06;0.01;0.45;1.64;-0.12;0.01
0.45;0.26;-0.33;1.0;0.47;0.23;-0.3;1.0;0.47;0.23;-0.3;1.0;0.48;0.23;-0.3;1.0;0.44;0.23;-0.3;1.0;0.43;0.23;-0.3;1.0;0.42;0.23;-0.3;1.0;0.5;0.24;-0.12;1.0;0.42;0.25;-0.11;1.0;0.47;0.29;-0.26;1.0;0.43;0.3;-0.25;1.0;0.57;0.4;-0.03;1.0;0.36;0.43;0.01;1.0;0.72;0.43;-0.25;1.0;0.33;0.66;0.15;0.99;0.69;0.2;-0.59;1.0;0.32;0.86;0.12;0.98;0.69;0.13;-0.66;1.0;0.31;0.93;0.11;0.97;0.67;0.13;-0.62;0.99;0.32;0.93;0.07;0.97;0.66;0.15;-0.58;0.99;0.33;0.91;0.1;0.97;0.54;0.88;-0.01;0.99;0.4;0.88;0.01;0.99;0.55;1.23;0.0;0.28;0.41;1.21;-0.02;0.28;0.56;1.54;0.26;0.01;0.42;1.53;0.13;0.01;0.56;1.58;0.28;0.01;0.42;1.57;0.14;0.01;0.55;1.64;0.05;0.01;0.45;1.64;-0.13;0.01
0.45;0.26;-0.32;1.0;0.47;0.23;-0.3;1.0;0.47;0.23;-0.3;1.0;0.48;0.23;-0.3;1.0;0.44;0.23;-0.29;1.0;0.43;0.23;-0.29;1.0;0.42;0.23;-0.29;1.0;0.5;0.24;-0.12;1.0;0.42;0.25;-0.11;1.0;0.47;0.29;-0.26;1.0;0.43;0.3;-0.25;1.0;0.57;0.4;-0.03;1.0;0.36;0.43;0.01;1.0;0.72;0.43;-0.26;1.0;0.33;0.66;0.16;0.99;0.69;0.2;-0.58;1.0;0.32;0.86;0.17;0.98;0.69;0.13;-0.65;1.0;0.31;0.93;0.17;0.97;0.67;0.13;-0.62;0.99;0.32;0.93;0.13;0.97;0.66;0.15;-0.58;0.99;0.33;0.91;0.15;0.97;0.54;0.88;-0.01;0.99;0.4;0.88;0.01;0.99;0.55;1.23;0.0;0.28;0.41;1.21;-0.02;0.28;0.56;1.54;0.27;0.01;0.42;1.53;0.14;0.01;0.56;1.58;0.29;0.01;0.43;1.57;0.15;0.01;0.55;1.64;0.06;0.01;0.45;1.64;-0.12;0.01
0.45;0.26;-0.32;1.0;0.47;0.23;-0.29;1.0;0.47;0.23;-0.29;1.0;0.48;0.23;-0.29;1.0;0.44;0.23;-0.29;1.0;0.43;0.23;-0.29;1.0;0.42;0.23;-0.29;1.0;0.5;0.24;-0.12;1.0;0.42;0.25;-0.1;1.0;0.47;0.29;-0.25;1.0;0.43;0.3;-0.25;1.0;0.58;0.4;-0.03;1.0;0.36;0.43;0.01;1.0;0.72;0.43;-0.26;1.0;0.33;0.66;0.16;0.99;0.69;0.2;-0.57;1.0;0.32;0.86;0.18;0.98;0.69;0.13;-0.65;1.0;0.31;0.93;0.19;0.97;0.67;0.13;-0.61;0.99;0.32;0.93;0.15;0.97;0.66;0.15;-0.57;0.99;0.33;0.91;0.17;0.97;0.54;0.88;-0.01;0.99;0.4;0.88;0.01;0.99;0.55;1.23;0.0;0.28;0.41;1.21;-0.02;0.28;0.56;1.53;0.27;0.01;0.42;1.53;0.16;0.01;0.56;1.58;0.29;0.01;0.43;1.57;0.17;0.01;0.55;1.64;0.07;0.01;0.45;1.64;-0.08;0.01
0.45;0.26;-0.31;1.0;0.47;0.23;-0.29;1.0;0.47;0.23;-0.29;1.0;0.48;0.23;-0.29;1.0;0.44;0.23;-0.29;1.0;0.43;0.23;-0.29;1.0;0.42;0.23;-0.29;1.0;0.5;0.24;-0.12;1.0;0.42;0.25;-0.11;1.0;0.47;0.29;-0.25;1.0;0.43;0.3;-0.25;1.0;0.58;0.4;-0.03;1.0;0.36;0.43;0.0;1.0;0.72;0.43;-0.26;1.0;0.33;0.66;0.18;0.99;0.69;0.2;-0.57;1.0;0.32;0.86;0.25;0.98;0.69;0.13;-0.64;1.0;0.31;0.93;0.26;0.97;0.67;0.13;-0.6;0.99;0.32;0.93;0.22;0.97;0.66;0.15;-0.57;0.99;0.33;0.91;0.23;0.97;0.54;0.88;-0.01;0.99;0.4;0.88;0.01;0.99;0.55;1.23;0.01;0.29;0.41;1.21;0.0;0.29;0.56;1.53;0.27;0.01;0.42;1.52;0.19;0.01;0.56;1.57;0.29;0.01;0.43;1.56;0.2;0.01;0.55;1.64;0.07;0.01;0.45;1.63;-0.04;0.01
0.45;0.26;-0.31;1.0;0.47;0.23;-0.29;1.0;0.47;0.23;-0.29;1.0;0.48;0.23;-0.29;1.0;0.44;0.23;-0.28;1.0;0.43;0.23;-0.28;1.0;0.42;0.23;-0.28;1.0;0.5;0.24;-0.12;1.0;0.42;0.25;-0.11;1.0;0.47;0.29;-0.25;1.0;0.43;0.3;-0.24;1.0;0.58;0.4;-0.03;1.0;0.36;0.43;-0.0;1.0;0.72;0.43;-0.26;1.0;0.33;0.66;0.17;0.99;0.69;0.2;-0.56;1.0;0.32;0.86;0.23;0.98;0.69;0.13;-0.62;1.0;0.31;0.93;0.24;0.97;0.67;0.13;-0.58;0.99;0.32;0.94;0.2;0.97;0.66;0.15;-0.55;0.99;0.33;0.92;0.22;0.97;0.54;0.88;-0.01;0.99;0.4;0.88;0.01;1.0;0.55;1.23;0.01;0.29;0.41;1.21;0.01;0.29;0.56;1.53;0.27;0.01;0.42;1.52;0.19;0.01;0.56;1.57;0.29;0.01;0.43;1.56;0.2;0.01;0.55;1.64;0.07;0.01;0.45;1.63;-0.05;0.01
0.45;0.26;-0.32;1.0;0.47;0.23;-0.3;1.0;0.47;0.23;-0.3;1.0;0.48;0.23;-0.3;1.0;0.44;0.23;-0.29;1.0;0.43;0.23;-0.29;1.0;0.42;0.23;-0.29;1.0;0.5;0.24;-0.13;1.0;0.42;0.25;-0.11;1.0;0.47;0.29;-0.25;1.0;0.43;0.3;-0.25;1.0;0.58;0.4;-0.04;1.0;0.36;0.43;0.0;1.0;0.72;0.43;-0.27;1.0;0.34;0.66;0.2;0.99;0.69;0.2;-0.62;1.0;0.32;0.86;0.26;0.99;0.69;0.13;-0.69;1.0;0.31;0.93;0.27;0.97;0.67;0.13;-0.66;0.99;0.32;0.93;0.22;0.97;0.66;0.15;-0.62;0.99;0.33;0.91;0.24;0.97;0.54;0.88;-0.01;0.99;0.4;0.88;0.01;1.0;0.55;1.22;0.01;0.3;0.41;1.21;-0.01;0.32;0.56;1.53;0.27;0.01;0.43;1.52;0.16;0.02;0.56;1.57;0.29;0.01;0.43;1.56;0.17;0.01;0.55;1.64;0.07;0.01;0.45;1.63;-0.08;0.01
0.45;0.26;-0.33;1.0;0.47;0.23;-0.3;1.0;0.47;0.23;-0.3;1.0;0.48;0.23;-0.3;1.0;0.44;0.23;-0.3;1.0;0.43;0.23;-0.3;1.0;0.42;0.23;-0.3;1.0;0.5;0.24;-0.13;1.0;0.42;0.25;-0.11;1.0;0.47;0.29;-0.26;1.0;0.43;0.3;-0.25;1.0;0.58;0.4;-0.03;1.0;0.36;0.43;0.01;1.0;0.72;0.43;-0.27;1.0;0.34;0.66;0.2;0.99;0.69;0.2;-0.63;1.0;0.32;0.86;0.25;0.99;0.69;0.13;-0.7;0.99;0.3;0.93;0.26;0.97;0.67;0.13;-0.67;0.99;0.32;0.93;0.21;0.97;0.66;0.15;-0.63;0.99;0.33;0.91;0.23;0.97;0.55;0.88;-0.01;0.99;0.4;0.88;0.01;1.0;0.55;1.22;-0.0;0.31;0.41;1.21;-0.04;0.33;0.56;1.53;0.26;0.01;0.43;1.52;0.13;0.02;0.56;1.57;0.28;0.01;0.43;1.56;0.13;0.01;0.55;1.64;0.05;0.01;0.45;1.63;-0.13;0.01
0.45;0.26;-0.36;1.0;0.47;0.23;-0.34;1.0;0.47;0.23;-0.34;1.0;0.48;0.23;-0.34;1.0;0.44;0.23;-0.33;1.0;0.43;0.23;-0.33;1.0;0.42;0.23;-0.33;1.0;0.5;0.24;-0.16;1.0;0.42;0.25;-0.13;1.0;0.47;0.29;-0.29;1.0;0.43;0.3;-0.29;1.0;0.58;0.4;-0.05;1.0;0.37;0.43;0.01;1.0;0.72;0.43;-0.3;1.0;0.34;0.66;0.24;0.99;0.69;0.2;-0.66;1.0;0.32;0.86;0.31;0.99;0.69;0.13;-0.74;0.99;0.3;0.93;0.32;0.97;0.67;0.13;-0.7;0.99;0.32;0.93;0.27;0.97;0.66;0.15;-0.66;0.99;0.33;0.91;0.29;0.97;0.55;0.88;-0.01;0.99;0.4;0.88;0.01;1.0;0.55;1.23;-0.01;0.31;0.41;1.21;-0.04;0.33;0.56;1.53;0.28;0.01;0.42;1.52;0.14;0.02;0.56;1.57;0.3;0.01;0.43;1.56;0.15;0.01;0.55;1.64;0.06;0.01;0.45;1.63;-0.12;0.01
0.45;0.26;-0.35;1.0;0.47;0.23;-0.33;1.0;0.47;0.23;-0.33;1.0;0.48;0.23;-0.33;1.0;0.44;0.23;-0.32;1.0;0.43;0.23;-0.32;1.0;0.42;0.23;-0.32;1.0;0.5;0.24;-0.15;1.0;0.42;0.25;-0.13;1.0;0.47;0.29;-0.28;1.0;0.43;0.3;-0.28;1.0;0.58;0.4;-0.05;1.0;0.37;0.43;0.01;1.0;0.72;0.43;-0.29;1.0;0.34;0.66;0.24;0.99;0.69;0.2;-0.64;1.0;0.32;0.86;0.34;0.99;0.69;0.13;-0.71;0.99;0.3;0.93;0.36;0.97;0.67;0.13;-0.67;0.99;0.32;0.93;0.31;0.97;0.66;0.15;-0.63;0.99;0.33;0.91;0.33;0.97;0.55;0.88;-0.01;0.99;0.4;0.88;0.01;1.0;0.55;1.23;-0.01;0.31;0.41;1.21;-0.03;0.33;0.56;1.53;0.28;0.01;0.42;1.52;0.14;0.02;0.56;1.57;0.3;0.01;0.42;1.56;0.15;0.01;0.54;1.64;0.07;0.01;0.45;1.63;-0.11;0.01
0.45;0.26;-0.35;1.0;0.47;0.23;-0.32;1.0;0.47;0.23;-0.32;1.0;0.48;0.23;-0.32;1.0;0.44;0.23;-0.32;1.0;0.43;0.23;-0.32;1.0;0.42;0.23;-0.32;1.0;0.5;0.24;-0.15;1.0;0.42;0.25;-0.13;1.0;0.47;0.29;-0.28;1.0;0.43;0.3;-0.27;1.0;0.58;0.4;-0.05;1.0;0.37;0.43;0.0;1.0;0.72;0.43;-0.29;1.0;0.34;0.66;0.23;0.99;0.69;0.19;-0.61;1.0;0.32;0.86;0.34;0.99;0.69;0.13;-0.67;0.99;0.3;0.93;0.36;0.97;0.67;0.13;-0.63;0.99;0.31;0.93;0.31;0.97;0.66;0.15;-0.61;0.99;0.33;0.91;0.33;0.97;0.55;0.88;-0.01;1.0;0.4;0.88;0.01;1.0;0.55;1.23;-0.01;0.31;0.41;1.21;-0.02;0.33;0.56;1.53;0.28;0.01;0.42;1.52;0.16;0.02;0.56;1.57;0.3;0.01;0.42;1.56;0.17;0.01;0.54;1.64;0.07;0.01;0.45;1.63;-0.09;0.01
0.45;0.26;-0.33;1.0;0.47;0.23;-0.31;1.0;0.48;0.23;-0.31;1.0;0.48;0.23;-0.31;1.0;0.44;0.23;-0.3;1.0;0.43;0.23;-0.3;1.0;0.42;0.23;-0.3;1.0;0.5;0.24;-0.14;1.0;0.42;0.25;-0.13;1.0;0.47;0.29;-0.27;1.0;0.43;0.3;-0.26;1.0;0.58;0.4;-0.05;1.0;0.37;0.43;0.0;1.0;0.72;0.42;-0.26;1.0;0.34;0.66;0.23;0.99;0.69;0.19;-0.54;1.0;0.32;0.86;0.33;0.99;0.69;0.13;-0.6;0.99;0.3;0.93;0.35;0.97;0.67;0.13;-0.56;0.99;0.31;0.93;0.31;0.97;0.66;0.15;-0.54;0.99;0.32;0.91;0.32;0.97;0.55;0.88;-0.01;1.0;0.4;0.88;0.01;1.0;0.55;1.23;0.0;0.31;0.41;1.21;-0.01;0.33;0.56;1.53;0.28;0.01;0.42;1.52;0.17;0.02;0.56;1.57;0.3;0.01;0.42;1.56;0.18;0.01;0.54;1.64;0.08;0.01;0.45;1.63;-0.07;0.01
0.45;0.26;-0.32;1.0;0.47;0.23;-0.3;1.0;0.48;0.23;-0.3;1.0;0.49;0.23;-0.3;1.0;0.44;0.23;-0.3;1.0;0.43;0.23;-0.3;1.0;0.42;0.23;-0.3;1.0;0.5;0.24;-0.13;1.0;0.42;0.25;-0.12;1.0;0.47;0.29;-0.26;1.0;0.43;0.3;-0.26;1.0;0.58;0.4;-0.03;1.0;0.37;0.43;0.01;1.0;0.72;0.42;-0.23;1.0;0.34;0.67;0.23;0.99;0.69;0.19;-0.5;1.0;0.32;0.86;0.3;0.99;0.69;0.13;-0.56;0.99;0.3;0.93;0.31;0.97;0.67;0.13;-0.53;0.99;0.31;0.94;0.27;0.97;0.66;0.15;-0.5;0.99;0.32;0.91;0.29;0.97;0.55;0.88;-0.01;1.0;0.4;0.88;0.01;1.0;0.55;1.23;0.01;0.31;0.41;1.21;-0.02;0.34;0.56;1.54;0.27;0.01;0.42;1.53;0.13;0.02;0.56;1.58;0.29;0.01;0.42;1.57;0.13;0.01;0.54;1.64;0.06;0.01;0.45;1.64;-0.13;0.01
0.45;0.26;-0.31;1.0;0.47;0.23;-0.29;1.0;0.48;0.23;-0.29;1.0;0.49;0.23;-0.29;1.0;0.44;0.23;-0.29;1.0;0.43;0.23;-0.29;1.0;0.42;0.23;-0.29;1.0;0.5;0.24;-0.12;1.0;0.42;0.25;-0.11;1.0;0.47;0.29;-0.25;1.0;0.43;0.3;-0.25;1.0;0.58;0.4;-0.02;1.0;0.37;0.43;0.01;1.0;0.72;0.42;-0.21;1.0;0.34;0.67;0.22;0.99;0.69;0.19;-0.47;1.0;0.32;0.86;0.29;0.99;0.69;0.13;-0.53;0.99;0.3;0.93;0.3;0.97;0.67;0.13;-0.49;0.99;0.31;0.94;0.25;0.97;0.66;0.15;-0.47;0.99;0.32;0.91;0.27;0.97;0.55;0.88;-0.01;1.0;0.4;0.88;0.01;1.0;0.55;1.23;0.01;0.31;0.41;1.21;-0.02;0.35;0.56;1.54;0.27;0.01;0.42;1.53;0.12;0.02;0.56;1.58;0.28;0.01;0.42;1.57;0.13;0.01;0.54;1.64;0.06;0.01;0.45;1.64;-0.14;0.01
0.45;0.26;-0.33;1.0;0.47;0.23;-0.31;1.0;0.48;0.23;-0.31;1.0;0.49;0.23;-0.31;1.0;0.44;0.23;-0.3;1.0;0.43;0.23;-0.3;1.0;0.42;0.23;-0.3;1.0;0.5;0.24;-0.13;1.0;0.42;0.25;-0.11;1.0;0.47;0.29;-0.27;1.0;0.43;0.3;-0.26;1.0;0.58;0.4;-0.03;1.0;0.37;0.43;0.01;1.0;0.72;0.42;-0.22;1.0;0.34;0.67;0.22;0.99;0.69;0.19;-0.5;1.0;0.32;0.86;0.27;0.99;0.69;0.13;-0.56;0.99;0.3;0.93;0.28;0.97;0.67;0.13;-0.53;0.99;0.31;0.94;0.23;0.97;0.66;0.15;-0.5;0.99;0.32;0.92;0.25;0.97;0.55;0.88;-0.01;1.0;0.4;0.88;0.01;1.0;0.55;1.23;0.01;0.31;0.41;1.21;-0.03;0.35;0.56;1.54;0.27;0.01;0.42;1.53;0.13;0.02;0.56;1.58;0.29;0.01;0.42;1.57;0.14;0.01;0.54;1.64;0.06;0.01;0.45;1.64;-0.13;0.01
0.45;0.26;-0.36;1.0;0.47;0.23;-0.33;1.0;0.48;0.23;-0.33;1.0;0.49;0.23;-0.33;1.0;0.44;0.23;-0.33;1.0;0.43;0.23;-0.33;1.0;0.42;0.23;-0.33;1.0;0.5;0.24;-0.16;1.0;0.42;0.25;-0.14;1.0;0.47;0.29;-0.29;1.0;0.43;0.3;-0.29;1.0;0.58;0.4;-0.04;1.0;0.37;0.43;0.0;1.0;0.72;0.42;-0.22;1.0;0.34;0.66;0.23;0.99;0.69;0.19;-0.51;1.0;0.32;0.86;0.32;0.99;0.69;0.13;-0.57;0.99;0.3;0.93;0.34;0.97;0.67;0.13;-0.53;0.99;0.31;0.94;0.29;0.97;0.66;0.15;-0.51;0.99;0.32;0.92;0.3;0.97;0.55;0.87;-0.01;1.0;0.4;0.87;0.01;1.0;0.55;1.23;0.0;0.3;0.41;1.21;-0.02;0.34;0.56;1.54;0.28;0.01;0.42;1.52;0.15;0.02;0.56;1.58;0.3;0.01;0.42;1.56;0.16;0.01;0.55;1.64;0.06;0.01;0.45;1.64;-0.12;0.01
0.45;0.26;-0.33;1.0;0.47;0.23;-0.3;1.0;0.48;0.23;-0.3;1.0;0.49;0.23;-0.3;1.0;0.44;0.23;-0.3;1.0;0.43;0.23;-0.3;1.0;0.42;0.23;-0.3;1.0;0.5;0.24;-0.13;1.0;0.42;0.25;-0.11;1.0;0.47;0.29;-0.26;1.0;0.44;0.3;-0.26;1.0;0.58;0.4;-0.03;1.0;0.37;0.43;0.01;1.0;0.72;0.42;-0.21;1.0;0.34;0.66;0.23;0.99;0.69;0.19;-0.48;1.0;0.32;0.86;0.32;0.99;0.69;0.13;-0.54;0.99;0.3;0.93;0.34;0.97;0.67;0.13;-0.5;0.99;0.31;0.94;0.28;0.97;0.66;0.15;-0.48;0.99;0.32;0.92;0.3;0.97;0.55;0.87;-0.01;1.0;0.4;0.87;0.01;1.0;0.55;1.23;0.0;0.31;0.41;1.21;-0.02;0.36;0.56;1.54;0.27;0.01;0.42;1.52;0.14;0.02;0.56;1.58;0.29;0.01;0.42;1.56;0.14;0.01;0.55;1.64;0.05;0.01;0.45;1.64;-0.13;0.01
0.45;0.26;-0.31;1.0;0.47;0.23;-0.29;1.0;0.48;0.23;-0.29;1.0;0.49;0.23;-0.29;1.0;0.44;0.23;-0.29;1.0;0.43;0.23;-0.29;1.0;0.42;0.23;-0.29;1.0;0.5;0.24;-0.13;1.0;0.42;0.25;-0.11;1.0;0.47;0.29;-0.25;1.0;0.44;0.3;-0.25;1.0;0.58;0.4;-0.03;1.0;0.37;0.43;0.01;1.0;0.72;0.42;-0.2;1.0;0.34;0.66;0.2;0.99;0.69;0.19;-0.45;1.0;0.32;0.86;0.27;0.99;0.69;0.13;-0.51;0.99;0.3;0.93;0.28;0.97;0.67;0.13;-0.47;0.99;0.31;0.94;0.23;0.97;0.66;0.15;-0.44;0.99;0.32;0.91;0.25;0.97;0.55;0.87;-0.01;1.0;0.4;0.87;0.01;1.0;0.55;1.22;0.01;0.31;0.41;1.2;-0.02;0.36;0.56;1.53;0.27;0.01;0.42;1.52;0.14;0.02;0.56;1.58;0.28;0.01;0.42;1.56;0.15;0.01;0.55;1.64;0.05;0.01;0.45;1.63;-0.12;0.01
0.45;0.26;-0.31;1.0;0.47;0.23;-0.29;1.0;0.48;0.23;-0.29;1.0;0.49;0.23;-0.29;1.0;0.44;0.23;-0.29;1.0;0.43;0.23;-0.29;1.0;0.43;0.23;-0.29;1.0;0.5;0.24;-0.12;1.0;0.42;0.25;-0.11;1.0;0.47;0.29;-0.25;1.0;0.44;0.3;-0.25;1.0;0.58;0.4;-0.02;1.0;0.37;0.43;0.01;1.0;0.72;0.42;-0.19;1.0;0.34;0.66;0.19;0.99;0.69;0.19;-0.43;1.0;0.32;0.86;0.24;0.99;0.69;0.13;-0.49;0.99;0.3;0.93;0.25;0.97;0.67;0.13;-0.45;0.99;0.31;0.94;0.2;0.97;0.66;0.15;-0.43;0.99;0.32;0.91;0.22;0.98;0.55;0.87;-0.01;1.0;0.4;0.87;0.01;1.0;0.55;1.22;0.01;0.31;0.41;1.2;-0.02;0.36;0.56;1.53;0.27;0.01;0.42;1.52;0.13;0.02;0.56;1.58;0.28;0.01;0.42;1.56;0.14;0.01;0.55;1.64;0.05;0.01;0.45;1.63;-0.13;0.01
0.45;0.26;-0.28;1.0;0.47;0.23;-0.26;1.0;0.48;0.23;-0.26;1.0;0.49;0.23;-0.26;1.0;0.44;0.23;-0.25;1.0;0.43;0.23;-0.25;1.0;0.43;0.23;-0.25;1.0;0.5;0.24;-0.1;1.0;0.42;0.25;-0.08;1.0;0.47;0.29;-0.22;1.0;0.44;0.3;-0.22;1.0;0.58;0.4;-0.01;1.0;0.37;0.43;0.01;1.0;0.72;0.42;-0.19;1.0;0.34;0.66;0.16;1.0;0.69;0.18;-0.43;1.0;0.32;0.86;0.19;0.99;0.69;0.13;-0.49;0.99;0.3;0.93;0.2;0.97;0.67;0.13;-0.45;0.99;0.31;0.94;0.15;0.98;0.66;0.15;-0.43;0.99;0.32;0.91;0.18;0.98;0.55;0.87;-0.01;1.0;0.4;0.87;0.01;1.0;0.55;1.22;0.01;0.31;0.41;1.21;-0.01;0.37;0.56;1.53;0.26;0.01;0.43;1.52;0.14;0.02;0.56;1.58;0.28;0.01;0.43;1.56;0.15;0.01;0.55;1.64;0.05;0.01;0.45;1.63;-0.1;0.01
0.45;0.26;-0.25;1.0;0.47;0.23;-0.23;1.0;0.48;0.23;-0.23;1.0;0.49;0.23;-0.23;1.0;0.44;0.23;-0.23;1.0;0.43;0.23;-0.23;1.0;0.43;0.23;-0.23;1.0;0.5;0.24;-0.08;1.0;0.42;0.25;-0.06;1.0;0.47;0.29;-0.2;1.0;0.44;0.3;-0.19;1.0;0.58;0.4;-0.0;1.0;0.37;0.43;0.02;1.0;0.72;0.41;-0.18;1.0;0.34;0.66;0.17;1.0;0.69;0.17;-0.41;1.0;0.32;0.86;0.21;0.99;0.69;0.12;-0.46;0.99;0.3;0.93;0.22;0.97;0.67;0.12;-0.42;0.99;0.31;0.94;0.17;0.98;0.67;0.14;-0.4;0.99;0.33;0.92;0.19;0.98;0.55;0.87;-0.01;1.0;0.4;0.87;0.01;1.0;0.55;1.22;0.01;0.33;0.42;1.21;-0.01;0.38;0.56;1.53;0.26;0.01;0.43;1.52;0.15;0.02;0.56;1.58;0.28;0.01;0.43;1.56;0.15;0.01;0.55;1.64;0.06;0.01;0.46;1.64;-0.09;0.01
0.45;0.26;-0.26;1.0;0.47;0.23;-0.23;1.0;0.48;0.23;-0.23;1.0;0.49;0.23;-0.23;1.0;0.44;0.23;-0.23;1.0;0.43;0.23;-0.23;1.0;0.43;0.23;-0.23;1.0;0.5;0.24;-0.07;1.0;0.42;0.25;-0.06;1.0;0.47;0.29;-0.2;1.0;0.44;0.3;-0.2;1.0;0.58;0.4;0.0;1.0;0.37;0.43;0.02;1.0;0.72;0.41;-0.18;1.0;0.34;0.66;0.17;1.0;0.69;0.17;-0.41;1.0;0.32;0.86;0.22;0.99;0.69;0.12;-0.46;0.99;0.3;0.94;0.23;0.97;0.67;0.12;-0.42;0.99;0.32;0.94;0.19;0.98;0.67;0.14;-0.4;0.99;0.33;0.92;0.21;0.98;0.55;0.87;-0.01;1.0;0.41;0.87;0.01;1.0;0.55;1.23;0.0;0.34;0.42;1.21;-0.01;0.39;0.56;1.53;0.27;0.01;0.43;1.53;0.16;0.02;0.57;1.58;0.29;0.01;0.43;1.56;0.17;0.01;0.55;1.64;0.07;0.01;0.46;1.64;-0.07;0.01
0.45;0.26;-0.26;1.0;0.47;0.23;-0.24;1.0;0.48;0.23;-0.24;1.0;0.49;0.23;-0.24;1.0;0.44;0.23;-0.24;1.0;0.44;0.23;-0.24;1.0;0.43;0.23;-0.24;1.0;0.51;0.24;-0.08;1.0;0.42;0.25;-0.06;1.0;0.47;0.29;-0.2;1.0;0.44;0.29;-0.2;1.0;0.58;0.4;0.0;1.0;0.37;0.43;0.03;1.0;0.72;0.41;-0.19;1.0;0.34;0.66;0.18;1.0;0.69;0.17;-0.42;1.0;0.32;0.86;0.22;0.99;0.69;0.12;-0.48;0.99;0.3;0.94;0.23;0.97;0.67;0.12;-0.44;0.99;0.32;0.94;0.18;0.97;0.67;0.13;-0.42;0.99;0.33;0.92;0.21;0.98;0.56;0.87;-0.01;1.0;0.41;0.87;0.01;1.0;0.55;1.23;0.0;0.35;0.42;1.21;-0.02;0.4;0.57;1.53;0.27;0.01;0.43;1.53;0.16;0.02;0.57;1.58;0.29;0.01;0.43;1.57;0.17;0.01;0.55;1.64;0.08;0.01;0.46;1.64;-0.08;0.01
0.45;0.26;-0.27;1.0;0.47;0.23;-0.24;1.0;0.48;0.23;-0.24;1.0;0.49;0.23;-0.24;1.0;0.44;0.23;-0.24;1.0;0.44;0.23;-0.24;1.0;0.43;0.23;-0.24;1.0;0.51;0.24;-0.08;1.0;0.42;0.25;-0.07;1.0;0.47;0.29;-0.21;1.0;0.44;0.29;-0.2;1.0;0.58;0.4;-0.0;1.0;0.37;0.43;0.03;1.0;0.73;0.41;-0.19;1.0;0.34;0.66;0.15;1.0;0.69;0.17;-0.42;1.0;0.32;0.86;0.15;0.99;0.69;0.12;-0.47;0.99;0.3;0.94;0.15;0.97;0.67;0.11;-0.43;0.99;0.32;0.94;0.11;0.97;0.67;0.13;-0.41;0.99;0.33;0.92;0.14;0.98;0.56;0.87;-0.01;1.0;0.41;0.87;0.01;1.0;0.55;1.23;0.01;0.35;0.42;1.22;-0.02;0.4;0.57;1.54;0.27;0.01;0.43;1.53;0.16;0.02;0.57;1.58;0.29;0.01;0.43;1.57;0.17;0.01;0.55;1.64;0.07;0.01;0.46;1.65;-0.08;0.01
0.45;0.26;-0.26;1.0;0.47;0.23;-0.24;1.0;0.48;0.23;-0.24;1.0;0.49;0.23;-0.24;1.0;0.44;0.23;-0.23;1.0;0.44;0.23;-0.23;1.0;0.43;0.23;-0.23;1.0;0.51;0.24;-0.07;1.0;0.42;0.25;-0.06;1.0;0.47;0.29;-0.2;1.0;0.44;0.29;-0.2;1.0;0.58;0.4;0.0;1.0;0.37;0.43;0.03;1.0;0.73;0.41;-0.18;1.0;0.34;0.66;0.13;1.0;0.69;0.17;-0.41;1.0;0.32;0.86;0.1;0.99;0.69;0.12;-0.46;0.99;0.3;0.94;0.09;0.97;0.67;0.11;-0.42;0.99;0.32;0.94;0.05;0.97;0.67;0.13;-0.4;0.99;0.33;0.92;0.08;0.98;0.56;0.87;-0.01;1.0;0.41;0.87;0.01;1.0;0.55;1.23;0.01;0.37;0.42;1.22;-0.03;0.41;0.57;1.54;0.26;0.01;0.43;1.53;0.11;0.02;0.57;1.58;0.27;0.01;0.43;1.57;0.12;0.01;0.55;1.64;0.05;0.01;0.46;1.65;-0.13;0.01
0.45;0.26;-0.27;1.0;0.47;0.23;-0.24;1.0;0.48;0.23;-0.24;1.0;0.49;0.23;-0.24;1.0;0.44;0.23;-0.24;1.0;0.44;0.23;-0.24;1.0;0.43;0.23;-0.24;1.0;0.51;0.24;-0.08;1.0;0.42;0.25;-0.06;1.0;0.47;0.29;-0.21;1.0;0.44;0.29;-0.2;1.0;0.58;0.4;0.0;1.0;0.37;0.43;0.02;1.0;0.73;0.4;-0.18;1.0;0.34;0.66;0.13;1.0;0.69;0.17;-0.41;1.0;0.32;0.86;0.1;0.99;0.69;0.11;-0.47;0.99;0.3;0.94;0.1;0.97;0.67;0.11;-0.43;0.99;0.32;0.94;0.05;0.97;0.67;0.13;-0.4;0.99;0.33;0.92;0.09;0.98;0.56;0.87;-0.01;1.0;0.41;0.87;0.01;1.0;0.55;1.23;0.01;0.38;0.42;1.22;-0.04;0.42;0.57;1.54;0.26;0.01;0.43;1.53;0.1;0.02;0.57;1.58;0.27;0.01;0.44;1.57;0.11;0.01;0.55;1.64;0.05;0.02;0.46;1.65;-0.15;0.01
0.45;0.26;-0.25;1.0;0.47;0.23;-0.23;1.0;0.48;0.23;-0.23;1.0;0.49;0.23;-0.23;1.0;0.44;0.23;-0.22;1.0;0.44;0.23;-0.22;1.0;0.43;0.23;-0.22;1.0;0.51;0.24;-0.07;1.0;0.42;0.25;-0.06;1.0;0.47;0.29;-0.19;1.0;0.44;0.29;-0.19;1.0;0.58;0.4;0.0;1.0;0.37;0.43;0.02;1.0;0.73;0.4;-0.18;1.0;0.34;0.66;0.1;1.0;0.69;0.17;-0.42;1.0;0.32;0.86;0.07;0.99;0.69;0.11;-0.48;0.99;0.3;0.94;0.07;0.97;0.67;0.11;-0.43;0.99;0.32;0.94;0.03;0.97;0.67;0.13;-0.41;0.99;0.33;0.92;0.06;0.97;0.56;0.87;-0.01;1.0;0.41;0.87;0.01;1.0;0.55;1.23;0.02;0.39;0.42;1.22;-0.01;0.43;0.57;1.53;0.26;0.02;0.43;1.53;0.12;0.03;0.57;1.58;0.27;0.01;0.44;1.57;0.12;0.01;0.55;1.64;0.05;0.02;0.46;1.65;-0.12;0.01
0.45;0.26;-0.25;1.0;0.47;0.23;-0.22;1.0;0.48;0.23;-0.22;1.0;0.49;0.23;-0.22;1.0;0.44;0.23;-0.22;1.0;0.44;0.23;-0.22;1.0;0.43;0.23;-0.22;1.0;0.51;0.24;-0.07;1.0;0.42;0.25;-0.06;1.0;0.47;0.29;-0.19;1.0;0.44;0.29;-0.19;1.0;0.58;0.4;0.0;1.0;0.37;0.43;0.02;1.0;0.73;0.4;-0.18;1.0;0.34;0.66;0.09;1.0;0.69;0.17;-0.41;1.0;0.32;0.86;0.05;0.99;0.69;0.11;-0.47;0.99;0.3;0.94;0.05;0.97;0.67;0.11;-0.43;0.99;0.32;0.94;0.0;0.97;0.67;0.13;-0.4;0.99;0.33;0.92;0.04;0.97;0.56;0.87;-0.0;1.0;0.41;0.87;0.0;1.0;0.55;1.22;0.02;0.4;0.42;1.21;-0.0;0.44;0.57;1.53;0.25;0.02;0.43;1.53;0.12;0.03;0.57;1.58;0.26;0.01;0.44;1.57;0.13;0.01;0.55;1.64;0.05;0.02;0.46;1.64;-0.11;0.01
0.45;0.26;-0.24;1.0;0.47;0.23;-0.21;1.0;0.48;0.23;-0.21;1.0;0.49;0.23;-0.21;1.0;0.44;0.23;-0.21;1.0;0.44;0.23;-0.21;1.0;0.43;0.23;-0.21;1.0;0.51;0.24;-0.07;1.0;0.42;0.25;-0.05;1.0;0.47;0.29;-0.18;1.0;0.44;0.29;-0.18;1.0;0.58;0.4;0.0;1.0;0.37;0.43;0.02;1.0;0.73;0.4;-0.18;1.0;0.34;0.66;0.11;1.0;0.69;0.17;-0.39;1.0;0.32;0.86;0.09;0.99;0.69;0.11;-0.45;0.99;0.3;0.94;0.09;0.97;0.67;0.11;-0.4;0.99;0.32;0.94;0.05;0.97;0.67;0.13;-0.38;0.99;0.33;0.92;0.08;0.98;0.56;0.87;-0.0;1.0;0.41;0.87;0.0;1.0;0.55;1.22;0.02;0.41;0.42;1.21;0.0;0.45;0.57;1.53;0.25;0.02;0.43;1.52;0.13;0.03;0.57;1.58;0.26;0.01;0.44;1.56;0.14;0.01;0.55;1.64;0.05;0.02;0.46;1.64;-0.09;0.01
0.45;0.26;-0.24;1.0;0.47;0.23;-0.22;1.0;0.48;0.23;-0.22;1.0;0.49;0.23;-0.22;1.0;0.44;0.23;-0.21;1.0;0.44;0.23;-0.21;1.0;0.43;0.23;-0.21;1.0;0.51;0.24;-0.07;1.0;0.42;0.25;-0.05;1.0;0.47;0.29;-0.19;1.0;0.44;0.29;-0.18;1.0;0.58;0.4;-0.0;1.0;0.37;0.43;0.02;1.0;0.73;0.4;-0.19;1.0;0.34;0.66;0.11;1.0;0.69;0.17;-0.43;1.0;0.32;0.86;0.1;0.99;0.69;0.11;-0.49;0.99;0.3;0.94;0.1;0.97;0.67;0.11;-0.45;0.99;0.32;0.94;0.06;0.97;0.67;0.13;-0.42;0.99;0.33;0.92;0.09;0.98;0.56;0.87;-0.0;1.0;0.41;0.87;0.0;1.0;0.55;1.22;0.02;0.41;0.42;1.2;0.0;0.45;0.56;1.53;0.24;0.02;0.43;1.52;0.13;0.03;0.56;1.57;0.26;0.01;0.43;1.56;0.14;0.01;0.55;1.64;0.04;0.02;0.46;1.63;-0.1;0.01
0.45;0.26;-0.24;1.0;0.47;0.23;-0.22;1.0;0.48;0.23;-0.22;1.0;0.49;0.23;-0.22;1.0;0.44;0.23;-0.22;1.0;0.44;0.23;-0.22;1.0;0.43;0.23;-0.22;1.0;0.51;0.24;-0.07;1.0;0.42;0.25;-0.06;1.0;0.47;0.29;-0.19;1.0;0.44;0.29;-0.18;1.0;0.58;0.4;-0.01;1.0;0.37;0.43;0.01;1.0;0.73;0.4;-0.21;1.0;0.34;0.66;0.11;1.0;0.69;0.17;-0.46;1.0;0.32;0.86;0.11;0.99;0.69;0.11;-0.52;0.99;0.3;0.94;0.11;0.97;0.67;0.11;-0.48;0.99;0.32;0.94;0.07;0.97;0.67;0.13;-0.45;0.99;0.33;0.92;0.09;0.98;0.55;0.87;-0.0;1.0;0.41;0.87;0.0;1.0;0.55;1.22;0.02;0.41;0.42;1.2;0.0;0.45;0.56;1.53;0.24;0.02;0.43;1.51;0.14;0.03;0.56;1.57;0.26;0.01;0.43;1.55;0.15;0.01;0.55;1.63;0.05;0.02;0.46;1.63;-0.09;0.01
0.45;0.26;-0.24;1.0;0.47;0.23;-0.22;1.0;0.48;0.23;-0.22;1.0;0.49;0.23;-0.22;1.0;0.44;0.23;-0.21;1.0;0.44;0.23;-0.21;1.0;0.43;0.23;-0.21;1.0;0.51;0.24;-0.07;1.0;0.42;0.25;-0.06;1.0;0.47;0.29;-0.18;1.0;0.44;0.29;-0.18;1.0;0.58;0.4;-0.01;1.0;0.37;0.43;0.01;1.0;0.73;0.4;-0.21;1.0;0.34;0.66;0.14;1.0;0.69;0.17;-0.46;1.0;0.32;0.86;0.21;0.99;0.69;0.11;-0.51;0.99;0.3;0.94;0.23;0.97;0.67;0.11;-0.47;0.99;0.31;0.94;0.18;0.97;0.67;0.13;-0.45;0.99;0.33;0.92;0.2;0.98;0.56;0.87;-0.0;1.0;0.41;0.87;0.0;1.0;0.55;1.22;0.02;0.41;0.42;1.2;0.02;0.44;0.56;1.53;0.25;0.02;0.43;1.51;0.17;0.03;0.56;1.57;0.26;0.01;0.43;1.55;0.18;0.01;0.55;1.63;0.05;0.02;0.46;1.62;-0.05;0.01
0.45;0.26;-0.23;1.0;0.47;0.23;-0.21;1.0;0.48;0.23;-0.21;1.0;0.49;0.23;-0.21;1.0;0.44;0.23;-0.21;1.0;0.44;0.23;-0.21;1.0;0.43;0.23;-0.21;1.0;0.51;0.24;-0.06;1.0;0.42;0.25;-0.05;1.0;0.47;0.29;-0.18;1.0;0.44;0.29;-0.18;1.0;0.58;0.4;-0.0;1.0;0.37;0.43;0.01;1.0;0.73;0.4;-0.21;1.0;0.34;0.66;0.11;1.0;0.69;0.17;-0.46;1.0;0.32;0.86;0.1;0.99;0.69;0.11;-0.51;0.99;0.3;0.94;0.1;0.97;0.67;0.11;-0.47;0.99;0.31;0.94;0.06;0.97;0.67;0.13;-0.45;0.99;0.33;0.92;0.09;0.97;0.55;0.87;-0.0;1.0;0.41;0.87;0.0;1.0;0.55;1.22;0.02;0.41;0.42;1.2;0.01;0.45;0.56;1.53;0.24;0.02;0.43;1.51;0.17;0.03;0.56;1.57;0.26;0.01;0.43;1.55;0.18;0.01;0.55;1.63;0.05;0.02;0.46;1.62;-0.06;0.01
0.45;0.26;-0.23;1.0;0.47;0.23;-0.2;1.0;0.48;0.23;-0.2;1.0;0.49;0.23;-0.2;1.0;0.44;0.23;-0.2;1.0;0.44;0.23;-0.2;1.0;0.43;0.23;-0.2;1.0;0.51;0.24;-0.06;1.0;0.42;0.25;-0.05;1.0;0.47;0.29;-0.17;1.0;0.44;0.29;-0.17;1.0;0.58;0.4;0.0;1.0;0.37;0.43;0.01;1.0;0.73;0.4;-0.19;1.0;0.34;0.66;0.11;1.0;0.69;0.17;-0.41;1.0;0.32;0.86;0.1;0.99;0.69;0.11;-0.47;0.99;0.3;0.94;0.1;0.97;0.67;0.11;-0.43;0.99;0.31;0.94;0.06;0.97;0.67;0.13;-0.4;0.99;0.32;0.92;0.08;0.97;0.55;0.87;-0.0;1.0;0.41;0.87;0.0;1.0;0.55;1.22;0.02;0.42;0.42;1.2;0.01;0.45;0.56;1.53;0.24;0.02;0.43;1.51;0.17;0.03;0.56;1.57;0.25;0.01;0.43;1.55;0.17;0.01;0.55;1.63;0.05;0.02;0.45;1.62;-0.07;0.01
0.45;0.26;-0.23;1.0;0.47;0.23;-0.2;1.0;0.48;0.23;-0.2;1.0;0.49;0.23;-0.2;1.0;0.45;0.23;-0.2;1.0;0.44;0.23;-0.2;1.0;0.43;0.23;-0.2;1.0;0.51;0.24;-0.06;1.0;0.42;0.25;-0.05;1.0;0.47;0.29;-0.17;1.0;0.44;0.29;-0.17;1.0;0.58;0.4;0.0;1.0;0.37;0.43;0.01;1.0;0.73;0.4;-0.18;1.0;0.34;0.66;0.12;1.0;0.69;0.17;-0.4;1.0;0.32;0.86;0.13;0.99;0.69;0.11;-0.45;0.99;0.3;0.94;0.13;0.97;0.67;0.11;-0.41;0.99;0.31;0.94;0.09;0.97;0.67;0.13;-0.39;0.99;0.32;0.92;0.11;0.97;0.55;0.87;-0.0;1.0;0.41;0.87;0.0;1.0;0.55;1.22;0.02;0.42;0.42;1.2;0.01;0.45;0.56;1.53;0.24;0.02;0.43;1.51;0.17;0.03;0.56;1.57;0.25;0.01;0.43;1.55;0.17;0.01;0.55;1.63;0.05;0.02;0.45;1.62;-0.06;0.01
0.45;0.26;-0.23;1.0;0.47;0.23;-0.2;1.0;0.48;0.23;-0.2;1.0;0.49;0.23;-0.2;1.0;0.45;0.23;-0.2;1.0;0.44;0.23;-0.2;1.0;0.43;0.23;-0.2;1.0;0.51;0.24;-0.06;1.0;0.42;0.25;-0.05;1.0;0.47;0.29;-0.17;1.0;0.44;0.29;-0.17;1.0;0.58;0.4;0.0;1.0;0.37;0.43;0.01;1.0;0.73;0.4;-0.18;1.0;0.34;0.66;0.12;1.0;0.69;0.17;-0.39;1.0;0.32;0.86;0.12;0.99;0.69;0.11;-0.44;0.99;0.3;0.94;0.12;0.97;0.67;0.11;-0.4;0.99;0.31;0.94;0.08;0.97;0.67;0.13;-0.38;0.99;0.32;0.92;0.11;0.97;0.55;0.87;-0.0;1.0;0.41;0.87;0.0;1.0;0.55;1.22;0.02;0.42;0.42;1.2;0.01;0.45;0.56;1.53;0.24;0.02;0.43;1.51;0.16;0.03;0.56;1.57;0.25;0.01;0.43;1.55;0.17;0.01;0.55;1.63;0.05;0.02;0.45;1.62;-0.06;0.01
0.45;0.26;-0.23;1.0;0.47;0.23;-0.2;1.0;0.48;0.23;-0.2;1.0;0.49;0.23;-0.2;1.0;0.45;0.23;-0.2;1.0;0.44;0.23;-0.2;1.0;0.43;0.23;-0.2;1.0;0.51;0.24;-0.06;1.0;0.42;0.25;-0.05;1.0;0.47;0.29;-0.17;1.0;0.44;0.29;-0.17;1.0;0.58;0.4;0.01;1.0;0.37;0.43;0.02;1.0;0.73;0.4;-0.17;1.0;0.34;0.66;0.12;1.0;0.69;0.17;-0.38;1.0;0.32;0.86;0.12;0.99;0.69;0.11;-0.43;0.99;0.3;0.94;0.12;0.97;0.67;0.11;-0.39;0.99;0.31;0.94;0.08;0.97;0.67;0.13;-0.37;0.99;0.32;0.92;0.11;0.97;0.55;0.87;-0.0;1.0;0.41;0.87;0.0;1.0;0.55;1.22;0.02;0.42;0.42;1.2;0.01;0.45;0.56;1.53;0.24;0.02;0.43;1.51;0.16;0.03;0.56;1.57;0.25;0.01;0.43;1.55;0.17;0.01;0.55;1.63;0.04;0.02;0.45;1.63;-0.07;0.01
0.45;0.26;-0.23;1.0;0.47;0.23;-0.2;1.0;0.48;0.23;-0.2;1.0;0.49;0.23;-0.2;1.0;0.45;0.23;-0.2;1.0;0.44;0.23;-0.2;1.0;0.43;0.23;-0.2;1.0;0.51;0.24;-0.05;1.0;0.42;0.25;-0.04;1.0;0.47;0.29;-0.17;1.0;0.44;0.29;-0.17;1.0;0.58;0.4;0.01;1.0;0.37;0.43;0.02;1.0;0.73;0.4;-0.17;1.0;0.34;0.66;0.09;1.0;0.69;0.17;-0.38;1.0;0.32;0.86;0.03;0.99;0.69;0.11;-0.44;0.99;0.3;0.94;0.02;0.97;0.67;0.11;-0.41;0.99;0.31;0.94;-0.02;0.97;0.67;0.13;-0.38;0.99;0.32;0.92;0.02;0.97;0.55;0.87;-0.0;1.0;0.41;0.87;0.0;1.0;0.55;1.22;0.02;0.42;0.42;1.2;0.01;0.45;0.56;1.53;0.23;0.02;0.43;1.51;0.15;0.03;0.56;1.57;0.24;0.01;0.43;1.55;0.15;0.01;0.55;1.63;0.04;0.02;0.45;1.63;-0.08;0.01
0.45;0.26;-0.22;1.0;0.47;0.23;-0.2;1.0;0.48;0.23;-0.2;1.0;0.49;0.23;-0.2;1.0;0.45;0.23;-0.2;1.0;0.44;0.23;-0.2;1.0;0.43;0.23;-0.2;1.0;0.51;0.24;-0.05;1.0;0.42;0.25;-0.04;1.0;0.47;0.29;-0.17;1.0;0.44;0.29;-0.17;1.0;0.58;0.4;0.01;1.0;0.37;0.43;0.02;1.0;0.73;0.4;-0.17;1.0;0.34;0.66;0.11;1.0;0.69;0.17;-0.39;1.0;0.32;0.86;0.12;0.99;0.69;0.11;-0.45;0.99;0.3;0.94;0.13;0.97;0.67;0.11;-0.41;0.99;0.31;0.94;0.08;0.97;0.67;0.13;-0.38;0.99;0.32;0.92;0.11;0.97;0.55;0.87;-0.0;1.0;0.41;0.87;0.0;1.0;0.55;1.22;0.02;0.43;0.42;1.2;0.01;0.46;0.56;1.53;0.23;0.02;0.43;1.52;0.15;0.03;0.56;1.57;0.25;0.02;0.43;1.55;0.16;0.01;0.55;1.63;0.04;0.02;0.45;1.63;-0.07;0.01
0.45;0.26;-0.23;1.0;0.47;0.23;-0.2;1.0;0.48;0.23;-0.2;1.0;0.49;0.23;-0.2;1.0;0.45;0.23;-0.2;1.0;0.44;0.23;-0.2;1.0;0.43;0.23;-0.2;1.0;0.51;0.24;-0.06;1.0;0.42;0.25;-0.05;1.0;0.47;0.29;-0.17;1.0;0.44;0.29;-0.17;1.0;0.58;0.4;0.01;1.0;0.37;0.43;0.01;1.0;0.73;0.4;-0.21;1.0;0.34;0.66;0.11;1.0;0.69;0.16;-0.48;1.0;0.32;0.86;0.11;0.99;0.69;0.1;-0.54;0.99;0.3;0.94;0.12;0.97;0.67;0.1;-0.5;0.99;0.31;0.94;0.07;0.97;0.67;0.12;-0.47;0.99;0.32;0.92;0.1;0.97;0.55;0.87;-0.0;1.0;0.41;0.87;0.0;1.0;0.55;1.22;0.02;0.44;0.42;1.2;0.01;0.46;0.56;1.53;0.24;0.02;0.43;1.52;0.16;0.03;0.56;1.57;0.25;0.02;0.43;1.55;0.17;0.01;0.55;1.63;0.05;0.02;0.45;1.63;-0.07;0.01
0.45;0.26;-0.23;1.0;0.47;0.23;-0.21;1.0;0.48;0.23;-0.21;1.0;0.49;0.23;-0.21;1.0;0.45;0.23;-0.21;1.0;0.44;0.23;-0.21;1.0;0.43;0.23;-0.21;1.0;0.51;0.24;-0.06;1.0;0.42;0.25;-0.05;1.0;0.47;0.29;-0.18;1.0;0.44;0.29;-0.18;1.0;0.58;0.4;0.0;1.0;0.37;0.43;0.01;1.0;0.73;0.39;-0.23;1.0;0.34;0.66;0.11;1.0;0.69;0.16;-0.5;1.0;0.32;0.86;0.11;0.99;0.68;0.1;-0.56;0.99;0.3;0.94;0.12;0.97;0.67;0.09;-0.51;0.99;0.31;0.94;0.07;0.97;0.66;0.12;-0.49;0.99;0.32;0.92;0.1;0.97;0.55;0.87;-0.0;1.0;0.41;0.87;0.0;1.0;0.55;1.22;0.02;0.44;0.42;1.2;0.01;0.46;0.56;1.53;0.24;0.02;0.43;1.52;0.16;0.03;0.56;1.57;0.26;0.02;0.43;1.55;0.17;0.01;0.55;1.63;0.05;0.02;0.45;1.63;-0.07;0.01
0.45;0.26;-0.26;1.0;0.47;0.23;-0.23;1.0;0.48;0.23;-0.23;1.0;0.49;0.23;-0.23;1.0;0.45;0.23;-0.23;1.0;0.44;0.23;-0.23;1.0;0.43;0.23;-0.23;1.0;0.51;0.24;-0.07;1.0;0.42;0.25;-0.08;1.0;0.47;0.29;-0.2;1.0;0.44;0.29;-0.2;1.0;0.58;0.4;-0.01;1.0;0.37;0.43;-0.0;1.0;0.73;0.39;-0.24;1.0;0.34;0.66;0.1;0.99;0.68;0.15;-0.48;1.0;0.31;0.86;0.11;0.99;0.67;0.09;-0.54;0.99;0.29;0.94;0.12;0.97;0.65;0.09;-0.5;0.99;0.31;0.94;0.07;0.97;0.65;0.11;-0.47;0.99;0.32;0.92;0.1;0.97;0.55;0.87;-0.0;1.0;0.41;0.87;0.0;1.0;0.55;1.22;0.02;0.44;0.42;1.2;0.01;0.45;0.56;1.53;0.24;0.02;0.43;1.52;0.18;0.03;0.56;1.57;0.26;0.02;0.43;1.55;0.18;0.01;0.55;1.63;0.05;0.02;0.45;1.63;-0.06;0.01
0.45;0.26;-0.27;1.0;0.47;0.23;-0.24;1.0;0.48;0.23;-0.24;1.0;0.49;0.23;-0.24;1.0;0.45;0.23;-0.25;1.0;0.44;0.23;-0.25;1.0;0.43;0.23;-0.25;1.0;0.51;0.24;-0.08;1.0;0.42;0.25;-0.09;1.0;0.47;0.29;-0.21;1.0;0.44;0.29;-0.21;1.0;0.58;0.4;-0.02;1.0;0.37;0.43;-0.02;1.0;0.73;0.38;-0.24;1.0;0.34;0.66;0.09;0.99;0.67;0.15;-0.47;1.0;0.31;0.86;0.1;0.98;0.66;0.09;-0.53;0.99;0.29;0.94;0.1;0.97;0.64;0.09;-0.49;0.99;0.31;0.95;0.05;0.97;0.64;0.11;-0.46;0.99;0.32;0.92;0.08;0.97;0.55;0.87;0.0;1.0;0.41;0.87;0.0;1.0;0.55;1.22;0.02;0.43;0.41;1.21;0.03;0.44;0.56;1.53;0.25;0.02;0.43;1.52;0.21;0.03;0.56;1.57;0.26;0.02;0.43;1.56;0.22;0.01;0.55;1.64;0.05;0.02;0.45;1.63;-0.02;0.01
0.45;0.26;-0.28;1.0;0.47;0.23;-0.26;1.0;0.48;0.23;-0.26;1.0;0.49;0.23;-0.26;1.0;0.45;0.23;-0.26;1.0;0.44;0.23;-0.26;1.0;0.43;0.23;-0.26;1.0;0.51;0.24;-0.09;1.0;0.42;0.25;-0.1;1.0;0.47;0.29;-0.22;1.0;0.44;0.29;-0.23;1.0;0.58;0.4;-0.03;1.0;0.37;0.43;-0.03;1.0;0.73;0.38;-0.24;1.0;0.34;0.66;0.06;0.99;0.66;0.15;-0.46;1.0;0.31;0.86;0.05;0.98;0.66;0.09;-0.52;0.99;0.29;0.94;0.04;0.96;0.64;0.08;-0.48;0.99;0.31;0.95;-0.0;0.97;0.63;0.11;-0.46;0.99;0.32;0.93;0.03;0.97;0.55;0.87;0.0;1.0;0.41;0.87;-0.0;1.0;0.55;1.23;0.02;0.43;0.41;1.21;0.03;0.43;0.55;1.53;0.25;0.02;0.42;1.52;0.2;0.03;0.56;1.58;0.27;0.02;0.42;1.56;0.21;0.01;0.54;1.64;0.05;0.02;0.45;1.63;-0.03;0.01
0.45;0.26;-0.31;1.0;0.47;0.23;-0.29;1.0;0.48;0.23;-0.29;1.0;0.49;0.23;-0.29;1.0;0.45;0.23;-0.29;1.0;0.44;0.23;-0.29;1.0;0.43;0.23;-0.29;1.0;0.51;0.24;-0.12;1.0;0.42;0.25;-0.13;1.0;0.47;0.29;-0.25;1.0;0.44;0.29;-0.25;1.0;0.58;0.4;-0.06;1.0;0.37;0.43;-0.04;1.0;0.73;0.37;-0.3;1.0;0.34;0.66;0.07;0.99;0.65;0.15;-0.53;1.0;0.31;0.86;0.11;0.98;0.64;0.09;-0.59;0.99;0.29;0.94;0.12;0.96;0.62;0.09;-0.53;0.99;0.31;0.95;0.07;0.96;0.62;0.11;-0.52;0.99;0.32;0.93;0.1;0.97;0.55;0.88;0.0;1.0;0.41;0.88;-0.0;1.0;0.55;1.23;0.02;0.42;0.41;1.21;0.04;0.43;0.55;1.53;0.26;0.02;0.42;1.52;0.24;0.03;0.55;1.58;0.27;0.02;0.42;1.56;0.25;0.02;0.54;1.64;0.06;0.02;0.45;1.63;0.01;0.01
0.45;0.26;-0.32;1.0;0.47;0.23;-0.29;1.0;0.48;0.23;-0.29;1.0;0.49;0.23;-0.29;1.0;0.45;0.23;-0.29;1.0;0.44;0.23;-0.29;1.0;0.43;0.23;-0.29;1.0;0.51;0.24;-0.13;1.0;0.42;0.25;-0.14;1.0;0.47;0.29;-0.26;1.0;0.44;0.29;-0.26;1.0;0.58;0.4;-0.07;1.0;0.37;0.43;-0.04;1.0;0.73;0.37;-0.3;1.0;0.33;0.66;0.09;0.99;0.65;0.15;-0.53;1.0;0.31;0.86;0.16;0.98;0.63;0.09;-0.59;0.99;0.29;0.94;0.17;0.96;0.62;0.09;-0.52;0.99;0.31;0.95;0.13;0.96;0.62;0.11;-0.52;0.99;0.32;0.93;0.15;0.96;0.55;0.88;0.0;1.0;0.41;0.88;-0.0;1.0;0.55;1.23;0.02;0.43;0.41;1.21;0.04;0.42;0.55;1.53;0.26;0.02;0.42;1.52;0.25;0.03;0.55;1.58;0.28;0.02;0.42;1.56;0.26;0.02;0.54;1.64;0.07;0.02;0.45;1.63;0.02;0.01
0.45;0.26;-0.32;1.0;0.47;0.23;-0.3;1.0;0.48;0.23;-0.3;1.0;0.49;0.23;-0.3;1.0;0.45;0.23;-0.3;1.0;0.44;0.23;-0.3;1.0;0.43;0.23;-0.3;1.0;0.51;0.24;-0.14;1.0;0.42;0.25;-0.14;1.0;0.47;0.29;-0.26;1.0;0.44;0.29;-0.26;1.0;0.58;0.4;-0.07;1.0;0.37;0.43;-0.05;1.0;0.73;0.36;-0.31;1.0;0.33;0.66;0.09;0.99;0.65;0.15;-0.54;1.0;0.31;0.86;0.16;0.98;0.63;0.09;-0.59;0.99;0.29;0.94;0.17;0.96;0.61;0.09;-0.53;0.99;0.31;0.95;0.13;0.96;0.61;0.11;-0.52;0.99;0.32;0.93;0.15;0.96;0.55;0.88;0.0;1.0;0.4;0.88;-0.0;1.0;0.55;1.23;0.02;0.42;0.41;1.21;0.04;0.42;0.55;1.53;0.26;0.02;0.42;1.52;0.25;0.03;0.55;1.58;0.28;0.02;0.42;1.56;0.27;0.02;0.54;1.64;0.07;0.02;0.45;1.63;0.03;0.01
0.45;0.26;-0.33;1.0;0.47;0.23;-0.31;1.0;0.48;0.23;-0.31;1.0;0.49;0.23;-0.31;1.0;0.45;0.23;-0.31;1.0;0.44;0.23;-0.31;1.0;0.43;0.23;-0.31;1.0;0.51;0.24;-0.15;1.0;0.42;0.25;-0.15;1.0;0.47;0.29;-0.27;1.0;0.44;0.29;-0.27;1.0;0.58;0.4;-0.07;1.0;0.37;0.43;-0.05;1.0;0.72;0.36;-0.32;1.0;0.33;0.66;0.1;0.99;0.65;0.15;-0.58;1.0;0.31;0.86;0.2;0.98;0.63;0.09;-0.63;0.99;0.29;0.94;0.21;0.95;0.61;0.09;-0.56;0.99;0.31;0.95;0.17;0.95;0.61;0.11;-0.56;0.99;0.32;0.93;0.19;0.96;0.55;0.88;0.0;1.0;0.4;0.88;-0.0;1.0;0.55;1.23;0.02;0.43;0.41;1.21;0.04;0.42;0.55;1.53;0.28;0.02;0.42;1.52;0.26;0.03;0.55;1.58;0.3;0.02;0.42;1.56;0.27;0.02;0.54;1.64;0.09;0.02;0.45;1.63;0.03;0.01
0.45;0.26;-0.33;1.0;0.47;0.23;-0.31;1.0;0.48;0.23;-0.31;1.0;0.49;0.23;-0.31;1.0;0.45;0.23;-0.31;1.0;0.44;0.23;-0.31;1.0;0.43;0.23;-0.31;1.0;0.51;0.24;-0.15;1.0;0.42;0.25;-0.15;1.0;0.47;0.29;-0.27;1.0;0.44;0.29;-0.27;1.0;0.58;0.4;-0.07;1.0;0.37;0.43;-0.05;1.0;0.72;0.36;-0.32;1.0;0.33;0.66;0.11;0.99;0.65;0.15;-0.57;1.0;0.31;0.86;0.19;0.98;0.63;0.09;-0.63;0.99;0.29;0.94;0.2;0.95;0.61;0.1;-0.56;0.99;0.31;0.95;0.16;0.95;0.62;0.12;-0.55;0.99;0.32;0.93;0.18;0.95;0.55;0.88;0.0;1.0;0.4;0.88;-0.0;1.0;0.55;1.23;0.02;0.44;0.41;1.21;0.04;0.42;0.55;1.53;0.29;0.02;0.42;1.52;0.25;0.03;0.55;1.58;0.31;0.02;0.42;1.56;0.27;0.02;0.54;1.64;0.1;0.02;0.44;1.63;0.03;0.01
0.45;0.26;-0.32;1.0;0.47;0.23;-0.3;1.0;0.48;0.23;-0.3;1.0;0.49;0.23;-0.3;1.0;0.45;0.23;-0.3;1.0;0.44;0.23;-0.3;1.0;0.43;0.23;-0.3;1.0;0.51;0.24;-0.14;1.0;0.42;0.25;-0.14;1.0;0.47;0.29;-0.26;1.0;0.44;0.29;-0.26;1.0;0.58;0.4;-0.07;1.0;0.37;0.43;-0.04;1.0;0.72;0.36;-0.31;1.0;0.33;0.66;0.11;0.99;0.65;0.15;-0.55;1.0;0.31;0.86;0.18;0.98;0.63;0.1;-0.61;0.99;0.29;0.94;0.19;0.95;0.62;0.1;-0.55;0.98;0.31;0.95;0.15;0.95;0.62;0.12;-0.54;0.99;0.32;0.93;0.17;0.95;0.55;0.88;0.0;1.0;0.4;0.88;-0.0;1.0;0.54;1.23;0.02;0.44;0.41;1.21;0.04;0.42;0.55;1.53;0.29;0.02;0.42;1.52;0.25;0.03;0.55;1.57;0.31;0.02;0.42;1.56;0.26;0.02;0.54;1.64;0.1;0.02;0.44;1.63;0.02;0.01
0.45;0.26;-0.32;1.0;0.47;0.23;-0.3;1.0;0.48;0.23;-0.3;1.0;0.49;0.23;-0.3;1.0;0.45;0.23;-0.3;1.0;0.44;0.23;-0.3;1.0;0.43;0.23;-0.3;1.0;0.51;0.24;-0.14;1.0;0.42;0.25;-0.14;1.0;0.47;0.29;-0.26;1.0;0.44;0.29;-0.26;1.0;0.58;0.4;-0.07;1.0;0.37;0.43;-0.04;1.0;0.72;0.36;-0.31;1.0;0.33;0.66;0.12;0.99;0.65;0.15;-0.55;1.0;0.31;0.86;0.2;0.98;0.63;0.1;-0.6;0.99;0.29;0.94;0.21;0.95;0.62;0.1;-0.54;0.98;0.31;0.95;0.17;0.95;0.62;0.12;-0.53;0.99;0.32;0.93;0.19;0.95;0.55;0.88;0.0;1.0;0.4;0.88;-0.0;1.0;0.54;1.23;0.02;0.44;0.41;1.21;0.04;0.42;0.55;1.53;0.29;0.02;0.42;1.52;0.26;0.03;0.55;1.57;0.31;0.02;0.42;1.56;0.27;0.02;0.54;1.64;0.1;0.02;0.44;1.63;0.03;0.01
0.45;0.26;-0.32;1.0;0.47;0.23;-0.29;1.0;0.48;0.23;-0.29;1.0;0.49;0.23;-0.29;1.0;0.45;0.23;-0.29;1.0;0.44;0.23;-0.29;1.0;0.43;0.23;-0.3;1.0;0.51;0.24;-0.13;1.0;0.42;0.25;-0.14;1.0;0.47;0.29;-0.26;1.0;0.44;0.29;-0.26;1.0;0.58;0.4;-0.07;1.0;0.37;0.43;-0.03;1.0;0.72;0.36;-0.32;1.0;0.33;0.66;0.13;0.99;0.65;0.15;-0.56;1.0;0.31;0.86;0.22;0.98;0.63;0.1;-0.62;0.99;0.29;0.94;0.23;0.94;0.62;0.1;-0.55;0.98;0.31;0.95;0.19;0.95;0.62;0.12;-0.54;0.98;0.32;0.93;0.21;0.95;0.55;0.87;0.0;1.0;0.4;0.88;-0.0;1.0;0.54;1.23;0.01;0.45;0.41;1.21;0.04;0.42;0.55;1.53;0.29;0.02;0.42;1.51;0.25;0.03;0.55;1.57;0.31;0.02;0.42;1.55;0.27;0.02;0.54;1.64;0.11;0.02;0.44;1.63;0.03;0.02
0.45;0.26;-0.31;1.0;0.47;0.23;-0.29;1.0;0.48;0.23;-0.29;1.0;0.49;0.23;-0.29;1.0;0.45;0.23;-0.29;1.0;0.44;0.23;-0.29;1.0;0.43;0.23;-0.29;1.0;0.51;0.24;-0.13;1.0;0.42;0.25;-0.13;1.0;0.47;0.29;-0.25;1.0;0.44;0.29;-0.25;1.0;0.58;0.4;-0.07;1.0;0.37;0.43;-0.03;1.0;0.72;0.37;-0.29;1.0;0.33;0.66;0.12;0.99;0.65;0.15;-0.49;1.0;0.31;0.86;0.17;0.97;0.64;0.1;-0.54;0.99;0.29;0.94;0.18;0.94;0.62;0.1;-0.48;0.98;0.31;0.95;0.14;0.94;0.62;0.12;-0.47;0.98;0.32;0.93;0.16;0.95;0.55;0.87;0.0;1.0;0.4;0.88;-0.0;1.0;0.54;1.23;0.02;0.44;0.41;1.21;0.04;0.42;0.55;1.53;0.29;0.02;0.42;1.51;0.25;0.03;0.55;1.57;0.31;0.02;0.42;1.55;0.26;0.02;0.54;1.63;0.1;0.02;0.44;1.62;0.03;0.01
0.45;0.26;-0.31;1.0;0.47;0.23;-0.29;1.0;0.48;0.23;-0.29;1.0;0.49;0.23;-0.29;1.0;0.45;0.23;-0.29;1.0;0.44;0.23;-0.29;1.0;0.43;0.23;-0.29;1.0;0.51;0.24;-0.13;1.0;0.42;0.25;-0.13;1.0;0.47;0.29;-0.25;1.0;0.44;0.29;-0.25;1.0;0.58;0.4;-0.06;1.0;0.37;0.43;-0.03;1.0;0.73;0.37;-0.28;1.0;0.33;0.66;0.12;0.99;0.65;0.15;-0.49;1.0;0.31;0.86;0.16;0.97;0.64;0.1;-0.55;0.99;0.29;0.94;0.17;0.94;0.62;0.1;-0.48;0.98;0.31;0.95;0.13;0.94;0.62;0.12;-0.47;0.98;0.32;0.93;0.15;0.95;0.55;0.87;0.0;1.0;0.4;0.88;-0.0;1.0;0.55;1.23;0.02;0.44;0.41;1.21;0.03;0.41;0.55;1.53;0.29;0.02;0.42;1.51;0.23;0.03;0.55;1.57;0.31;0.02;0.42;1.55;0.24;0.02;0.54;1.63;0.1;0.02;0.44;1.62;0.0;0.01
0.45;0.26;-0.33;1.0;0.47;0.23;-0.3;1.0;0.48;0.23;-0.3;1.0;0.49;0.23;-0.3;1.0;0.45;0.23;-0.3;1.0;0.44;0.23;-0.3;1.0;0.43;0.23;-0.3;1.0;0.51;0.24;-0.13;1.0;0.42;0.24;-0.13;1.0;0.47;0.29;-0.26;1.0;0.44;0.29;-0.26;1.0;0.58;0.4;-0.06;1.0;0.37;0.43;-0.03;1.0;0.73;0.37;-0.25;1.0;0.33;0.66;0.11;0.99;0.65;0.15;-0.46;1.0;0.31;0.86;0.13;0.97;0.65;0.1;-0.52;0.99;0.29;0.94;0.13;0.94;0.62;0.1;-0.46;0.98;0.31;0.95;0.08;0.94;0.62;0.12;-0.44;0.98;0.32;0.93;0.11;0.95;0.55;0.87;0.0;1.0;0.4;0.88;-0.0;1.0;0.55;1.23;0.02;0.43;0.41;1.21;0.03;0.4;0.55;1.53;0.29;0.02;0.42;1.51;0.22;0.03;0.55;1.57;0.31;0.02;0.42;1.55;0.23;0.02;0.54;1.63;0.09;0.02;0.44;1.62;-0.03;0.01
0.45;0.26;-0.33;1.0;0.47;0.23;-0.3;1.0;0.48;0.23;-0.3;1.0;0.49;0.23;-0.3;1.0;0.45;0.23;-0.3;1.0;0.44;0.23;-0.3;1.0;0.43;0.23;-0.3;1.0;0.51;0.24;-0.13;1.0;0.42;0.24;-0.13;1.0;0.47;0.29;-0.26;1.0;0.44;0.29;-0.27;1.0;0.58;0.4;-0.06;1.0;0.37;0.43;-0.02;1.0;0.73;0.37;-0.24;1.0;0.33;0.66;0.12;0.99;0.66;0.15;-0.46;1.0;0.31;0.86;0.13;0.98;0.65;0.1;-0.52;0.99;0.29;0.94;0.13;0.94;0.63;0.1;-0.47;0.98;0.31;0.94;0.08;0.95;0.63;0.12;-0.45;0.99;0.32;0.92;0.11;0.95;0.55;0.87;0.0;1.0;0.4;0.88;0.0;1.0;0.55;1.23;0.02;0.42;0.41;1.21;-0.01;0.39;0.55;1.53;0.27;0.02;0.42;1.52;0.16;0.03;0.55;1.57;0.28;0.02;0.42;1.56;0.17;0.02;0.54;1.64;0.05;0.02;0.45;1.63;-0.1;0.01
0.45;0.26;-0.33;1.0;0.47;0.23;-0.31;1.0;0.48;0.23;-0.31;1.0;0.49;0.23;-0.31;1.0;0.45;0.23;-0.31;1.0;0.44;0.23;-0.31;1.0;0.43;0.23;-0.31;1.0;0.51;0.24;-0.13;1.0;0.42;0.24;-0.13;1.0;0.47;0.29;-0.27;1.0;0.44;0.29;-0.27;1.0;0.58;0.4;-0.06;1.0;0.37;0.43;-0.02;1.0;0.73;0.37;-0.25;1.0;0.33;0.66;0.11;0.99;0.67;0.15;-0.47;1.0;0.31;0.86;0.1;0.98;0.66;0.09;-0.53;0.99;0.29;0.94;0.1;0.94;0.64;0.1;-0.47;0.98;0.31;0.95;0.05;0.95;0.63;0.12;-0.46;0.99;0.32;0.93;0.09;0.95;0.55;0.87;0.0;1.0;0.4;0.88;0.0;1.0;0.55;1.23;0.02;0.41;0.41;1.21;-0.0;0.38;0.55;1.53;0.27;0.02;0.42;1.52;0.18;0.03;0.56;1.57;0.28;0.02;0.42;1.56;0.19;0.02;0.54;1.64;0.06;0.02;0.45;1.63;-0.07;0.01
0.45;0.26;-0.33;1.0;0.47;0.23;-0.31;1.0;0.48;0.23;-0.31;1.0;0.49;0.23;-0.31;1.0;0.45;0.23;-0.31;1.0;0.44;0.23;-0.31;1.0;0.43;0.23;-0.31;1.0;0.51;0.24;-0.13;1.0;0.42;0.24;-0.13;1.0;0.47;0.29;-0.27;1.0;0.44;0.29;-0.27;1.0;0.58;0.4;-0.06;1.0;0.37;0.43;-0.02;1.0;0.73;0.37;-0.25;1.0;0.33;0.66;0.11;0.99;0.67;0.15;-0.48;1.0;0.31;0.86;0.1;0.98;0.66;0.09;-0.53;0.99;0.29;0.95;0.1;0.94;0.64;0.09;-0.48;0.99;0.31;0.95;0.05;0.95;0.64;0.11;-0.46;0.99;0.32;0.93;0.08;0.95;0.55;0.87;-0.0;1.0;0.4;0.88;0.0;1.0;0.55;1.23;0.02;0.4;0.41;1.21;0.0;0.37;0.55;1.53;0.27;0.02;0.42;1.52;0.19;0.03;0.56;1.57;0.28;0.02;0.42;1.56;0.19;0.02;0.54;1.64;0.06;0.02;0.45;1.63;-0.06;0.01
0.45;0.26;-0.31;1.0;0.47;0.23;-0.28;1.0;0.48;0.23;-0.28;1.0;0.49;0.23;-0.28;1.0;0.45;0.23;-0.28;1.0;0.44;0.23;-0.28;1.0;0.43;0.23;-0.28;1.0;0.51;0.24;-0.11;1.0;0.42;0.24;-0.12;1.0;0.47;0.29;-0.25;1.0;0.44;0.29;-0.25;1.0;0.58;0.4;-0.05;1.0;0.37;0.43;-0.02;1.0;0.73;0.37;-0.24;1.0;0.33;0.66;0.11;0.99;0.67;0.15;-0.46;1.0;0.31;0.87;0.1;0.98;0.66;0.09;-0.52;0.99;0.29;0.95;0.1;0.94;0.64;0.09;-0.46;0.99;0.31;0.95;0.05;0.95;0.64;0.11;-0.45;0.99;0.32;0.93;0.09;0.95;0.55;0.87;-0.0;1.0;0.4;0.87;0.0;1.0;0.55;1.23;0.02;0.4;0.41;1.21;0.0;0.37;0.55;1.53;0.27;0.02;0.42;1.52;0.19;0.03;0.56;1.57;0.28;0.02;0.42;1.56;0.2;0.02;0.54;1.64;0.06;0.02;0.44;1.63;-0.06;0.01
0.45;0.26;-0.31;1.0;0.47;0.23;-0.28;1.0;0.48;0.23;-0.28;1.0;0.49;0.23;-0.28;1.0;0.45;0.23;-0.28;1.0;0.44;0.23;-0.28;1.0;0.43;0.23;-0.28;1.0;0.51;0.24;-0.11;1.0;0.42;0.24;-0.12;1.0;0.47;0.29;-0.25;1.0;0.44;0.29;-0.25;1.0;0.58;0.4;-0.05;1.0;0.36;0.43;-0.02;1.0;0.73;0.37;-0.23;1.0;0.33;0.66;0.11;0.99;0.67;0.15;-0.45;1.0;0.31;0.87;0.11;0.98;0.67;0.09;-0.5;0.99;0.29;0.95;0.11;0.94;0.64;0.09;-0.45;0.99;0.3;0.95;0.06;0.95;0.64;0.11;-0.44;0.99;0.32;0.93;0.09;0.95;0.55;0.87;-0.0;1.0;0.4;0.87;0.0;1.0;0.55;1.23;0.02;0.39;0.41;1.21;0.0;0.37;0.55;1.53;0.26;0.02;0.42;1.52;0.18;0.03;0.55;1.57;0.28;0.02;0.42;1.56;0.18;0.02;0.54;1.64;0.06;0.02;0.44;1.63;-0.07;0.01
0.45;0.26;-0.29;1.0;0.47;0.23;-0.26;1.0;0.48;0.23;-0.26;1.0;0.49;0.23;-0.26;1.0;0.45;0.23;-0.26;1.0;0.44;0.23;-0.26;1.0;0.43;0.23;-0.26;1.0;0.51;0.24;-0.1;1.0;0.42;0.24;-0.11;1.0;0.47;0.29;-0.23;1.0;0.44;0.29;-0.23;1.0;0.58;0.4;-0.04;1.0;0.36;0.43;-0.01;1.0;0.73;0.37;-0.23;1.0;0.33;0.66;0.11;0.99;0.68;0.15;-0.44;1.0;0.31;0.87;0.13;0.98;0.67;0.09;-0.49;0.99;0.29;0.95;0.13;0.94;0.65;0.09;-0.44;0.99;0.3;0.95;0.09;0.95;0.65;0.11;-0.43;0.99;0.32;0.93;0.11;0.95;0.55;0.87;-0.0;1.0;0.4;0.87;0.0;1.0;0.55;1.22;0.02;0.39;0.41;1.21;0.01;0.36;0.55;1.53;0.27;0.02;0.42;1.52;0.18;0.03;0.56;1.57;0.29;0.02;0.42;1.56;0.19;0.02;0.54;1.64;0.07;0.02;0.44;1.63;-0.05;0.01
0.45;0.26;-0.28;1.0;0.47;0.23;-0.25;1.0;0.48;0.23;-0.25;1.0;0.49;0.23;-0.25;1.0;0.45;0.23;-0.25;1.0;0.44;0.23;-0.25;1.0;0.43;0.23;-0.25;1.0;0.51;0.24;-0.1;1.0;0.42;0.24;-0.1;1.0;0.47;0.29;-0.22;1.0;0.44;0.29;-0.22;1.0;0.58;0.4;-0.04;1.0;0.36;0.43;-0.01;1.0;0.73;0.37;-0.22;1.0;0.33;0.66;0.11;0.99;0.68;0.15;-0.42;1.0;0.31;0.87;0.14;0.98;0.67;0.09;-0.47;0.99;0.29;0.95;0.15;0.94;0.65;0.09;-0.42;0.99;0.3;0.95;0.1;0.95;0.65;0.11;-0.4;0.99;0.32;0.93;0.13;0.95;0.55;0.87;-0.0;1.0;0.4;0.87;0.0;1.0;0.55;1.22;0.03;0.39;0.41;1.21;0.02;0.36;0.55;1.53;0.27;0.02;0.42;1.52;0.19;0.03;0.56;1.57;0.29;0.02;0.42;1.56;0.2;0.02;0.54;1.64;0.07;0.02;0.44;1.63;-0.04;0.01
0.45;0.26;-0.28;1.0;0.47;0.23;-0.26;1.0;0.48;0.23;-0.26;1.0;0.49;0.23;-0.26;1.0;0.45;0.23;-0.26;1.0;0.44;0.23;-0.26;1.0;0.43;0.23;-0.26;1.0;0.51;0.24;-0.1;1.0;0.42;0.24;-0.1;1.0;0.47;0.29;-0.22;1.0;0.44;0.29;-0.22;1.0;0.58;0.4;-0.04;1.0;0.36;0.43;-0.01;1.0;0.73;0.37;-0.22;1.0;0.33;0.66;0.11;0.99;0.68;0.15;-0.42;1.0;0.31;0.87;0.12;0.98;0.67;0.09;-0.48;0.99;0.29;0.95;0.13;0.94;0.65;0.09;-0.43;0.99;0.3;0.95;0.08;0.95;0.65;0.11;-0.41;0.99;0.32;0.93;0.11;0.95;0.55;0.87;-0.0;1.0;0.4;0.87;0.0;1.0;0.55;1.22;0.02;0.38;0.41;1.2;0.02;0.36;0.55;1.53;0.27;0.02;0.42;1.51;0.19;0.02;0.55;1.57;0.28;0.02;0.42;1.55;0.2;0.02;0.54;1.63;0.07;0.02;0.44;1.62;-0.04;0.01
0.45;0.26;-0.28;1.0;0.47;0.23;-0.25;1.0;0.48;0.23;-0.25;1.0;0.49;0.23;-0.25;1.0;0.45;0.23;-0.25;1.0;0.44;0.23;-0.25;1.0;0.43;0.23;-0.25;1.0;0.5;0.24;-0.09;1.0;0.42;0.24;-0.09;1.0;0.47;0.29;-0.22;1.0;0.44;0.29;-0.22;1.0;0.58;0.4;-0.03;1.0;0.36;0.43;-0.01;1.0;0.73;0.37;-0.22;1.0;0.33;0.66;0.11;0.99;0.68;0.15;-0.42;1.0;0.31;0.87;0.11;0.98;0.67;0.1;-0.47;0.99;0.29;0.95;0.11;0.95;0.65;0.1;-0.42;0.99;0.3;0.95;0.06;0.95;0.65;0.11;-0.4;0.99;0.32;0.93;0.09;0.95;0.55;0.87;-0.0;1.0;0.4;0.87;0.0;1.0;0.55;1.22;0.02;0.37;0.41;1.2;0.02;0.35;0.55;1.53;0.26;0.02;0.42;1.52;0.18;0.02;0.55;1.57;0.28;0.02;0.42;1.56;0.19;0.02;0.54;1.64;0.07;0.02;0.45;1.62;-0.05;0.01
0.45;0.26;-0.27;1.0;0.47;0.23;-0.25;1.0;0.48;0.23;-0.25;1.0;0.49;0.23;-0.25;1.0;0.45;0.23;-0.25;1.0;0.44;0.23;-0.25;1.0;0.43;0.23;-0.25;1.0;0.5;0.24;-0.09;1.0;0.42;0.24;-0.09;1.0;0.47;0.29;-0.22;1.0;0.44;0.29;-0.22;1.0;0.58;0.4;-0.03;1.0;0.36;0.43;-0.01;1.0;0.73;0.38;-0.22;1.0;0.33;0.66;0.11;0.99;0.68;0.15;-0.42;1.0;0.31;0.87;0.1;0.98;0.67;0.1;-0.48;0.99;0.29;0.95;0.1;0.94;0.65;0.1;-0.43;0.99;0.3;0.95;0.06;0.95;0.65;0.12;-0.41;0.99;0.32;0.93;0.09;0.95;0.55;0.87;-0.0;1.0;0.4;0.87;0.0;1.0;0.55;1.22;0.03;0.38;0.41;1.2;0.02;0.35;0.55;1.53;0.27;0.02;0.42;1.52;0.19;0.02;0.55;1.57;0.28;0.02;0.42;1.56;0.2;0.02;0.54;1.63;0.07;0.02;0.45;1.62;-0.04;0.01
0.45;0.26;-0.27;1.0;0.47;0.23;-0.25;1.0;0.48;0.23;-0.25;1.0;0.49;0.23;-0.25;1.0;0.45;0.23;-0.25;1.0;0.44;0.23;-0.25;1.0;0.43;0.23;-0.25;1.0;0.5;0.24;-0.09;1.0;0.42;0.24;-0.09;1.0;0.47;0.29;-0.21;1.0;0.44;0.29;-0.22;1.0;0.58;0.4;-0.03;1.0;0.36;0.43;-0.01;1.0;0.73;0.38;-0.22;1.0;0.33;0.66;0.1;0.99;0.68;0.15;-0.43;1.0;0.31;0.87;0.1;0.98;0.67;0.1;-0.48;0.99;0.29;0.95;0.1;0.94;0.65;0.1;-0.43;0.99;0.3;0.95;0.05;0.95;0.65;0.12;-0.42;0.99;0.32;0.93;0.08;0.95;0.55;0.87;-0.0;1.0;0.4;0.87;0.0;1.0;0.55;1.22;0.03;0.38;0.41;1.2;0.02;0.35;0.55;1.53;0.27;0.02;0.42;1.51;0.19;0.02;0.55;1.57;0.28;0.02;0.42;1.55;0.2;0.02;0.54;1.63;0.07;0.02;0.44;1.62;-0.03;0.01
0.45;0.26;-0.28;1.0;0.47;0.23;-0.25;1.0;0.48;0.23;-0.25;1.0;0.49;0.23;-0.25;1.0;0.45;0.23;-0.25;1.0;0.44;0.23;-0.25;1.0;0.43;0.23;-0.25;1.0;0.5;0.24;-0.09;1.0;0.42;0.24;-0.09;1.0;0.47;0.29;-0.22;1.0;0.44;0.29;-0.22;1.0;0.58;0.4;-0.03;1.0;0.36;0.43;-0.01;1.0;0.73;0.38;-0.22;1.0;0.33;0.66;0.09;0.99;0.68;0.15;-0.44;1.0;0.31;0.87;0.06;0.98;0.67;0.1;-0.51;0.99;0.29;0.95;0.06;0.95;0.65;0.1;-0.46;0.99;0.3;0.95;0.01;0.95;0.65;0.12;-0.43;0.99;0.32;0.93;0.05;0.95;0.55;0.87;-0.0;0.99;0.4;0.87;0.0;1.0;0.54;1.22;0.03;0.37;0.41;1.2;0.01;0.35;0.55;1.53;0.27;0.02;0.42;1.51;0.17;0.02;0.55;1.57;0.28;0.02;0.42;1.56;0.18;0.02;0.54;1.63;0.07;0.02;0.44;1.62;-0.06;0.01
0.45;0.26;-0.28;1.0;0.47;0.23;-0.25;1.0;0.48;0.23;-0.25;1.0;0.49;0.23;-0.25;1.0;0.45;0.23;-0.25;1.0;0.44;0.23;-0.25;1.0;0.43;0.23;-0.25;1.0;0.5;0.24;-0.09;1.0;0.42;0.24;-0.09;1.0;0.47;0.29;-0.22;1.0;0.44;0.29;-0.22;1.0;0.58;0.4;-0.03;1.0;0.36;0.43;-0.01;1.0;0.73;0.38;-0.22;1.0;0.33;0.66;0.08;0.99;0.68;0.15;-0.44;1.0;0.31;0.87;0.03;0.98;0.67;0.1;-0.5;0.99;0.29;0.95;0.03;0.95;0.65;0.11;-0.45;0.99;0.3;0.95;-0.02;0.95;0.65;0.12;-0.43;0.99;0.32;0.93;0.02;0.95;0.55;0.87;-0.0;0.99;0.4;0.87;0.0;1.0;0.54;1.22;0.03;0.37;0.41;1.21;0.01;0.34;0.55;1.53;0.27;0.02;0.42;1.52;0.17;0.02;0.55;1.57;0.28;0.02;0.42;1.56;0.18;0.02;0.54;1.64;0.07;0.02;0.44;1.63;-0.07;0.01
0.45;0.26;-0.27;1.0;0.47;0.23;-0.25;1.0;0.48;0.23;-0.25;1.0;0.49;0.23;-0.25;1.0;0.45;0.23;-0.25;1.0;0.44;0.23;-0.25;1.0;0.43;0.23;-0.25;1.0;0.5;0.24;-0.09;1.0;0.42;0.24;-0.08;1.0;0.47;0.29;-0.21;1.0;0.44;0.29;-0.21;1.0;0.58;0.4;-0.03;1.0;0.36;0.43;-0.01;1.0;0.73;0.38;-0.22;1.0;0.33;0.66;0.08;0.99;0.68;0.16;-0.43;1.0;0.31;0.87;0.05;0.98;0.67;0.11;-0.49;0.99;0.28;0.95;0.04;0.95;0.65;0.11;-0.44;0.99;0.3;0.95;-0.01;0.95;0.65;0.13;-0.42;0.99;0.32;0.93;0.03;0.95;0.55;0.87;-0.0;0.99;0.4;0.87;0.0;1.0;0.54;1.22;0.03;0.36;0.41;1.21;0.01;0.33;0.55;1.53;0.27;0.01;0.42;1.52;0.18;0.02;0.55;1.57;0.29;0.01;0.42;1.56;0.19;0.02;0.54;1.64;0.08;0.02;0.44;1.63;-0.06;0.01
0.45;0.26;-0.27;1.0;0.47;0.23;-0.25;1.0;0.48;0.23;-0.24;1.0;0.49;0.23;-0.24;1.0;0.45;0.23;-0.25;1.0;0.44;0.23;-0.25;1.0;0.43;0.23;-0.25;1.0;0.5;0.24;-0.08;1.0;0.42;0.24;-0.08;1.0;0.47;0.29;-0.21;1.0;0.44;0.29;-0.21;1.0;0.58;0.4;-0.03;1.0;0.36;0.43;-0.01;1.0;0.73;0.38;-0.22;1.0;0.33;0.66;0.07;0.99;0.68;0.16;-0.43;1.0;0.31;0.87;0.04;0.98;0.67;0.11;-0.49;0.99;0.28;0.95;0.03;0.95;0.65;0.11;-0.43;0.99;0.3;0.95;-0.01;0.95;0.64;0.13;-0.42;0.99;0.32;0.93;0.03;0.95;0.55;0.87;-0.0;0.99;0.4;0.87;0.0;1.0;0.54;1.22;0.03;0.35;0.41;1.21;0.01;0.33;0.55;1.53;0.27;0.01;0.42;1.52;0.18;0.02;0.55;1.57;0.28;0.01;0.42;1.56;0.19;0.01;0.54;1.64;0.07;0.02;0.44;1.63;-0.05;0.01
0.45;0.26;-0.27;1.0;0.47;0.23;-0.25;1.0;0.48;0.23;-0.25;1.0;0.49;0.23;-0.25;1.0;0.45;0.23;-0.25;1.0;0.44;0.23;-0.25;1.0;0.43;0.23;-0.25;1.0;0.5;0.24;-0.09;1.0;0.42;0.24;-0.08;1.0;0.47;0.29;-0.21;1.0;0.44;0.29;-0.21;1.0;0.58;0.4;-0.03;1.0;0.36;0.43;-0.01;1.0;0.73;0.38;-0.22;1.0;0.33;0.67;0.07;0.99;0.68;0.16;-0.42;1.0;0.31;0.87;0.03;0.98;0.67;0.11;-0.48;0.99;0.28;0.95;0.02;0.95;0.65;0.11;-0.43;0.99;0.3;0.95;-0.03;0.95;0.64;0.13;-0.41;0.99;0.32;0.93;0.01;0.95;0.55;0.87;-0.0;0.99;0.4;0.87;0.0;0.99;0.54;1.22;0.02;0.35;0.41;1.21;0.02;0.32;0.55;1.53;0.25;0.01;0.42;1.52;0.19;0.02;0.55;1.57;0.27;0.01;0.42;1.56;0.2;0.01;0.54;1.64;0.06;0.01;0.44;1.63;-0.04;0.01
0.45;0.26;-0.27;1.0;0.47;0.23;-0.25;1.0;0.48;0.23;-0.25;1.0;0.49;0.23;-0.25;1.0;0.45;0.23;-0.25;1.0;0.44;0.23;-0.25;1.0;0.43;0.23;-0.25;1.0;0.5;0.24;-0.09;1.0;0.42;0.24;-0.09;1.0;0.47;0.29;-0.22;1.0;0.44;0.29;-0.22;1.0;0.58;0.4;-0.03;1.0;0.36;0.43;-0.02;1.0;0.73;0.38;-0.21;1.0;0.33;0.67;0.05;0.99;0.68;0.16;-0.42;1.0;0.31;0.87;-0.02;0.98;0.67;0.1;-0.47;0.99;0.28;0.95;-0.03;0.94;0.65;0.11;-0.42;0.99;0.3;0.95;-0.08;0.95;0.64;0.12;-0.4;0.99;0.32;0.93;-0.03;0.95;0.54;0.87;0.0;0.99;0.4;0.87;-0.0;0.99;0.54;1.22;0.02;0.34;0.41;1.21;0.02;0.31;0.55;1.53;0.24;0.01;0.42;1.52;0.19;0.02;0.55;1.57;0.25;0.01;0.42;1.56;0.2;0.01;0.53;1.64;0.04;0.01;0.44;1.63;-0.04;0.01
0.45;0.26;-0.27;1.0;0.47;0.23;-0.24;1.0;0.48;0.23;-0.24;1.0;0.49;0.23;-0.24;1.0;0.45;0.23;-0.24;1.0;0.44;0.23;-0.24;1.0;0.43;0.23;-0.24;1.0;0.5;0.24;-0.08;1.0;0.42;0.24;-0.08;1.0;0.47;0.29;-0.21;1.0;0.44;0.29;-0.21;1.0;0.58;0.4;-0.02;1.0;0.36;0.43;-0.01;1.0;0.73;0.38;-0.21;1.0;0.33;0.67;0.05;0.99;0.68;0.15;-0.41;1.0;0.31;0.87;0.01;0.98;0.67;0.1;-0.46;0.99;0.28;0.95;0.0;0.94;0.65;0.1;-0.42;0.99;0.3;0.95;-0.05;0.95;0.65;0.12;-0.4;0.99;0.31;0.93;-0.01;0.95;0.54;0.87;0.0;0.99;0.4;0.87;-0.0;0.99;0.54;1.22;0.02;0.34;0.41;1.21;0.02;0.3;0.55;1.53;0.24;0.01;0.42;1.52;0.19;0.02;0.55;1.57;0.25;0.01;0.42;1.56;0.2;0.01;0.53;1.64;0.04;0.01;0.44;1.63;-0.04;0.01
0.45;0.26;-0.26;1.0;0.47;0.23;-0.24;1.0;0.48;0.23;-0.24;1.0;0.49;0.23;-0.24;1.0;0.44;0.23;-0.24;1.0;0.44;0.23;-0.24;1.0;0.43;0.23;-0.24;1.0;0.5;0.24;-0.08;1.0;0.42;0.24;-0.08;1.0;0.47;0.29;-0.21;1.0;0.44;0.29;-0.21;1.0;0.58;0.4;-0.02;1.0;0.36;0.43;-0.01;1.0;0.73;0.38;-0.2;1.0;0.33;0.67;0.05;0.99;0.68;0.15;-0.4;1.0;0.31;0.87;-0.0;0.98;0.68;0.1;-0.46;0.99;0.28;0.95;-0.02;0.95;0.66;0.1;-0.41;0.99;0.3;0.95;-0.06;0.95;0.65;0.12;-0.39;0.99;0.31;0.93;-0.02;0.95;0.54;0.87;0.0;0.99;0.4;0.87;-0.0;0.99;0.54;1.22;0.02;0.34;0.41;1.21;0.02;0.3;0.55;1.53;0.23;0.01;0.42;1.52;0.18;0.02;0.55;1.57;0.25;0.01;0.42;1.56;0.19;0.01;0.53;1.64;0.03;0.01;0.44;1.63;-0.05;0.01
0.45;0.26;-0.26;1.0;0.47;0.23;-0.24;1.0;0.48;0.23;-0.24;1.0;0.49;0.23;-0.24;1.0;0.44;0.23;-0.24;1.0;0.44;0.23;-0.24;1.0;0.43;0.23;-0.24;1.0;0.5;0.24;-0.08;1.0;0.42;0.24;-0.08;1.0;0.47;0.29;-0.21;1.0;0.44;0.29;-0.21;1.0;0.58;0.4;-0.02;1.0;0.36;0.43;-0.01;1.0;0.73;0.38;-0.2;1.0;0.33;0.67;0.06;0.99;0.68;0.15;-0.42;1.0;0.31;0.87;0.0;0.98;0.68;0.1;-0.48;0.99;0.28;0.95;-0.01;0.95;0.66;0.1;-0.44;0.99;0.3;0.95;-0.06;0.95;0.66;0.12;-0.41;0.99;0.31;0.93;-0.02;0.95;0.54;0.87;0.0;0.99;0.4;0.87;-0.0;0.99;0.54;1.22;0.02;0.33;0.41;1.21;0.02;0.3;0.55;1.53;0.24;0.01;0.42;1.52;0.18;0.02;0.55;1.57;0.25;0.01;0.42;1.56;0.19;0.01;0.53;1.64;0.04;0.01;0.44;1.63;-0.05;0.01
0.45;0.26;-0.27;1.0;0.47;0.23;-0.24;1.0;0.48;0.23;-0.24;1.0;0.49;0.23;-0.24;1.0;0.44;0.23;-0.24;1.0;0.44;0.23;-0.24;1.0;0.43;0.23;-0.24;1.0;0.5;0.24;-0.08;1.0;0.42;0.24;-0.08;1.0;0.47;0.29;-0.21;1.0;0.44;0.29;-0.21;1.0;0.58;0.4;-0.02;1.0;0.36;0.43;-0.01;1.0;0.73;0.38;-0.2;1.0;0.33;0.67;0.06;0.99;0.69;0.15;-0.42;1.0;0.31;0.87;0.0;0.98;0.68;0.1;-0.48;0.99;0.28;0.95;-0.01;0.95;0.66;0.1;-0.44;0.99;0.3;0.95;-0.06;0.95;0.66;0.12;-0.42;0.99;0.31;0.93;-0.02;0.95;0.54;0.87;0.0;0.99;0.4;0.87;-0.0;0.99;0.54;1.22;0.01;0.32;0.41;1.2;0.01;0.29;0.54;1.53;0.23;0.01;0.42;1.52;0.17;0.02;0.55;1.57;0.24;0.01;0.42;1.56;0.18;0.01;0.53;1.64;0.03;0.01;0.44;1.63;-0.06;0.01
0.45;0.26;-0.27;1.0;0.47;0.23;-0.24;1.0;0.48;0.23;-0.24;1.0;0.49;0.23;-0.24;1.0;0.44;0.23;-0.24;1.0;0.44;0.23;-0.24;1.0;0.43;0.23;-0.24;1.0;0.5;0.24;-0.08;1.0;0.42;0.24;-0.08;1.0;0.47;0.29;-0.21;1.0;0.44;0.29;-0.21;1.0;0.57;0.4;-0.01;1.0;0.36;0.43;-0.01;1.0;0.73;0.38;-0.19;1.0;0.33;0.67;0.06;0.99;0.69;0.15;-0.4;1.0;0.31;0.87;-0.01;0.98;0.68;0.1;-0.47;0.99;0.28;0.95;-0.02;0.95;0.67;0.1;-0.43;0.99;0.3;0.95;-0.07;0.95;0.66;0.11;-0.4;0.99;0.31;0.93;-0.03;0.96;0.54;0.87;0.0;0.99;0.4;0.87;-0.0;0.99;0.54;1.22;0.01;0.32;0.41;1.2;0.01;0.28;0.55;1.53;0.23;0.01;0.42;1.52;0.18;0.02;0.55;1.57;0.24;0.01;0.42;1.56;0.18;0.01;0.53;1.64;0.03;0.01;0.44;1.63;-0.06;0.01
0.45;0.26;-0.26;1.0;0.47;0.23;-0.24;1.0;0.48;0.23;-0.24;1.0;0.49;0.23;-0.24;1.0;0.44;0.23;-0.24;1.0;0.44;0.23;-0.24;1.0;0.43;0.23;-0.24;1.0;0.5;0.24;-0.08;1.0;0.42;0.24;-0.08;1.0;0.47;0.29;-0.2;1.0;0.44;0.29;-0.21;1.0;0.57;0.4;-0.01;1.0;0.36;0.43;-0.01;1.0;0.73;0.38;-0.18;1.0;0.33;0.67;0.06;0.99;0.69;0.15;-0.4;1.0;0.31;0.87;0.0;0.98;0.69;0.1;-0.46;0.99;0.28;0.95;-0.01;0.95;0.67;0.1;-0.42;0.99;0.3;0.95;-0.06;0.95;0.66;0.11;-0.39;0.99;0.31;0.93;-0.02;0.96;0.54;0.87;0.0;0.99;0.4;0.87;-0.0;0.99;0.54;1.22;0.01;0.32;0.41;1.2;0.01;0.28;0.55;1.53;0.23;0.01;0.42;1.52;0.18;0.02;0.55;1.57;0.25;0.01;0.42;1.56;0.19;0.01;0.53;1.64;0.03;0.01;0.44;1.63;-0.06;0.01
0.45;0.26;-0.27;1.0;0.47;0.23;-0.24;1.0;0.48;0.23;-0.24;1.0;0.49;0.23;-0.24;1.0;0.44;0.23;-0.24;1.0;0.44;0.23;-0.24;1.0;0.43;0.23;-0.24;1.0;0.5;0.24;-0.09;1.0;0.42;0.24;-0.08;1.0;0.47;0.29;-0.21;1.0;0.44;0.29;-0.21;1.0;0.57;0.4;-0.01;1.0;0.36;0.43;-0.01;1.0;0.73;0.38;-0.18;1.0;0.33;0.67;0.06;0.99;0.69;0.15;-0.4;1.0;0.31;0.87;0.01;0.98;0.69;0.1;-0.46;0.99;0.28;0.95;-0.0;0.95;0.67;0.1;-0.42;0.99;0.3;0.96;-0.05;0.95;0.66;0.11;-0.39;0.99;0.31;0.93;-0.01;0.96;0.54;0.87;0.0;0.99;0.4;0.87;-0.0;0.99;0.54;1.22;0.01;0.32;0.41;1.2;0.02;0.28;0.55;1.53;0.23;0.01;0.42;1.51;0.18;0.02;0.55;1.57;0.25;0.01;0.42;1.56;0.19;0.01;0.53;1.64;0.03;0.01;0.44;1.63;-0.05;0.01
0.45;0.26;-0.27;1.0;0.47;0.23;-0.24;1.0;0.48;0.23;-0.24;1.0;0.49;0.23;-0.24;1.0;0.44;0.23;-0.24;1.0;0.44;0.23;-0.24;1.0;0.43;0.23;-0.24;1.0;0.5;0.24;-0.09;1.0;0.42;0.24;-0.08;1.0;0.47;0.29;-0.21;1.0;0.44;0.29;-0.21;1.0;0.57;0.4;-0.01;1.0;0.36;0.43;-0.01;1.0;0.73;0.38;-0.19;1.0;0.32;0.67;0.07;0.99;0.69;0.15;-0.4;1.0;0.31;0.87;0.05;0.98;0.69;0.1;-0.46;0.99;0.28;0.95;0.05;0.95;0.67;0.1;-0.42;0.99;0.3;0.96;0.0;0.95;0.66;0.11;-0.4;0.99;0.31;0.93;0.04;0.96;0.54;0.87;0.0;0.99;0.4;0.87;-0.0;0.99;0.54;1.22;0.01;0.31;0.41;1.2;0.02;0.27;0.55;1.53;0.23;0.01;0.42;1.51;0.19;0.02;0.55;1.57;0.25;0.01;0.42;1.55;0.2;0.01;0.53;1.64;0.03;0.01;0.44;1.62;-0.04;0.01
0.45;0.26;-0.27;1.0;0.47;0.23;-0.24;1.0;0.48;0.23;-0.24;1.0;0.49;0.23;-0.24;1.0;0.44;0.23;-0.24;1.0;0.44;0.23;-0.24;1.0;0.43;0.23;-0.24;1.0;0.5;0.24;-0.09;1.0;0.42;0.24;-0.09;1.0;0.47;0.29;-0.21;1.0;0.44;0.29;-0.21;1.0;0.57;0.4;-0.01;1.0;0.36;0.43;-0.01;1.0;0.73;0.38;-0.19;1.0;0.32;0.67;0.08;0.99;0.69;0.15;-0.4;1.0;0.31;0.87;0.06;0.98;0.68;0.1;-0.46;0.99;0.28;0.95;0.06;0.95;0.66;0.1;-0.41;0.99;0.3;0.96;0.01;0.95;0.66;0.11;-0.39;0.99;0.31;0.93;0.05;0.96;0.54;0.87;0.0;0.99;0.4;0.87;-0.0;0.99;0.54;1.22;0.01;0.31;0.41;1.21;0.02;0.27;0.55;1.53;0.24;0.01;0.42;1.51;0.2;0.01;0.55;1.57;0.26;0.01;0.42;1.55;0.21;0.01;0.53;1.64;0.04;0.01;0.44;1.62;-0.03;0.01
0.45;0.26;-0.27;1.0;0.47;0.23;-0.24;1.0;0.48;0.23;-0.24;1.0;0.49;0.23;-0.24;1.0;0.44;0.23;-0.24;1.0;0.44;0.23;-0.24;1.0;0.43;0.23;-0.24;1.0;0.5;0.24;-0.08;1.0;0.42;0.24;-0.09;1.0;0.47;0.29;-0.21;1.0;0.44;0.29;-0.21;1.0;0.57;0.4;-0.01;1.0;0.36;0.43;-0.01;1.0;0.73;0.38;-0.19;1.0;0.32;0.67;0.08;0.99;0.68;0.15;-0.4;1.0;0.31;0.87;0.06;0.98;0.68;0.1;-0.46;0.99;0.28;0.95;0.05;0.95;0.66;0.1;-0.41;0.99;0.3;0.95;0.01;0.95;0.65;0.11;-0.39;0.99;0.31;0.93;0.04;0.96;0.54;0.87;0.0;0.99;0.4;0.88;-0.0;0.99;0.54;1.22;0.02;0.31;0.41;1.21;0.02;0.27;0.55;1.53;0.24;0.01;0.42;1.52;0.2;0.01;0.55;1.57;0.26;0.01;0.42;1.56;0.21;0.01;0.53;1.64;0.05;0.01;0.44;1.63;-0.03;0.01
0.45;0.26;-0.26;1.0;0.47;0.23;-0.24;1.0;0.48;0.23;-0.24;1.0;0.49;0.23;-0.24;1.0;0.44;0.23;-0.24;1.0;0.44;0.23;-0.24;1.0;0.43;0.23;-0.24;1.0;0.5;0.24;-0.08;1.0;0.42;0.24;-0.08;1.0;0.47;0.29;-0.2;1.0;0.44;0.29;-0.21;1.0;0.57;0.4;-0.01;1.0;0.36;0.43;-0.01;1.0;0.72;0.38;-0.19;1.0;0.32;0.67;0.08;0.99;0.68;0.15;-0.39;1.0;0.31;0.87;0.04;0.98;0.67;0.1;-0.45;0.99;0.28;0.95;0.03;0.95;0.65;0.1;-0.4;0.99;0.3;0.95;-0.02;0.95;0.65;0.11;-0.38;0.99;0.31;0.93;0.02;0.96;0.54;0.87;0.0;0.99;0.4;0.88;-0.0;0.99;0.54;1.22;0.02;0.31;0.41;1.21;0.02;0.27;0.55;1.53;0.24;0.01;0.42;1.52;0.18;0.01;0.55;1.57;0.26;0.01;0.42;1.56;0.19;0.01;0.53;1.64;0.04;0.01;0.44;1.63;-0.06;0.01
