0.57;0.69;-0.7;1.0;0.58;0.66;-0.61;1.0;0.59;0.66;-0.61;1.0;0.6;0.66;-0.61;1.0;0.55;0.66;-0.62;1.0;0.54;0.66;-0.62;1.0;0.53;0.66;-0.62;1.0;0.62;0.69;-0.24;1.0;0.5;0.68;-0.25;1.0;0.58;0.74;-0.58;1.0;0.55;0.74;-0.58;1.0;0.7;0.9;-0.15;0.99;0.41;0.89;-0.18;0.99;0.89;0.81;-0.57;0.99;0.22;0.7;-0.52;1.0;0.78;0.51;-0.76;0.98;0.35;0.39;-0.77;0.99;0.75;0.43;-0.87;0.95;0.36;0.3;-0.89;0.94;0.73;0.42;-0.78;0.96;0.39;0.31;-0.79;0.95;0.74;0.45;-0.75;0.95;0.39;0.35;-0.75;0.94;0.65;1.55;-0.03;0.04;0.45;1.56;0.03;0.04;0.65;2.1;-0.26;0.04;0.46;2.08;-0.22;0.02;0.66;2.59;0.05;0.0;0.47;2.6;-0.14;0.0;0.65;2.66;0.06;0.0;0.48;2.67;-0.16;0.0;0.65;2.72;-0.45;0.0;0.49;2.73;-0.7;0.0
0.57;0.69;-0.71;1.0;0.58;0.65;-0.62;1.0;0.59;0.65;-0.62;1.0;0.6;0.65;-0.62;1.0;0.55;0.65;-0.63;1.0;0.54;0.66;-0.63;1.0;0.53;0.66;-0.63;1.0;0.62;0.69;-0.24;1.0;0.5;0.68;-0.26;1.0;0.59;0.74;-0.58;1.0;0.55;0.74;-0.59;1.0;0.7;0.9;-0.15;0.99;0.41;0.89;-0.19;0.99;0.89;0.81;-0.59;0.99;0.22;0.69;-0.55;1.0;0.78;0.51;-0.8;0.98;0.35;0.38;-0.78;0.99;0.74;0.43;-0.91;0.95;0.36;0.29;-0.9;0.94;0.72;0.43;-0.82;0.95;0.38;0.3;-0.8;0.95;0.73;0.45;-0.79;0.95;0.39;0.34;-0.76;0.94;0.65;1.54;-0.03;0.04;0.45;1.55;0.03;0.04;0.65;2.09;-0.28;0.04;0.45;2.07;-0.22;0.02;0.66;2.58;0.05;0.0;0.47;2.59;-0.14;0.0;0.65;2.65;0.05;0.0;0.47;2.67;-0.16;0.0;0.65;2.71;-0.45;0.0;0.49;2.73;-0.7;0.0
0.57;0.69;-0.67;1.0;0.59;0.65;-0.58;1.0;0.6;0.65;-0.58;1.0;0.61;0.65;-0.58;1.0;0.55;0.65;-0.58;1.0;0.54;0.66;-0.58;1.0;0.53;0.66;-0.58;1.0;0.62;0.69;-0.2;1.0;0.5;0.68;-0.22;1.0;0.59;0.74;-0.55;1.0;0.55;0.74;-0.55;1.0;0.71;0.9;-0.11;0.99;0.41;0.89;-0.15;0.99;0.89;0.8;-0.51;0.99;0.23;0.67;-0.45;1.0;0.76;0.52;-0.67;0.98;0.35;0.36;-0.5;0.99;0.72;0.44;-0.77;0.95;0.36;0.26;-0.61;0.94;0.71;0.44;-0.68;0.95;0.38;0.26;-0.52;0.95;0.71;0.46;-0.65;0.95;0.39;0.3;-0.49;0.94;0.65;1.54;-0.03;0.04;0.45;1.55;0.03;0.04;0.65;2.09;-0.28;0.04;0.45;2.07;-0.25;0.02;0.65;2.58;0.01;0.0;0.47;2.59;-0.21;0.0;0.65;2.65;0.01;0.0;0.47;2.67;-0.23;0.0;0.65;2.71;-0.49;0.0;0.49;2.72;-0.78;0.0
0.57;0.69;-0.66;1.0;0.59;0.65;-0.57;1.0;0.6;0.65;-0.57;1.0;0.61;0.65;-0.57;1.0;0.55;0.65;-0.57;1.0;0.54;0.65;-0.57;1.0;0.53;0.66;-0.57;1.0;0.62;0.68;-0.19;1.0;0.51;0.68;-0.21;1.0;0.59;0.74;-0.54;1.0;0.55;0.74;-0.54;1.0;0.71;0.9;-0.11;0.99;0.41;0.88;-0.14;0.99;0.89;0.8;-0.49;0.99;0.24;0.66;-0.43;1.0;0.76;0.52;-0.65;0.98;0.34;0.35;-0.48;0.99;0.72;0.45;-0.75;0.95;0.35;0.25;-0.59;0.95;0.7;0.44;-0.67;0.95;0.38;0.26;-0.5;0.95;0.7;0.47;-0.64;0.95;0.38;0.29;-0.47;0.94;0.66;1.54;-0.03;0.04;0.45;1.55;0.03;0.03;0.65;2.09;-0.28;0.04;0.46;2.07;-0.25;0.02;0.65;2.58;0.02;0.0;0.47;2.59;-0.2;0.0;0.65;2.65;0.02;0.0;0.47;2.67;-0.21;0.0;0.65;2.72;-0.48;0.0;0.49;2.73;-0.76;0.0
0.57;0.68;-0.66;1.0;0.59;0.65;-0.57;1.0;0.6;0.65;-0.57;1.0;0.61;0.65;-0.57;1.0;0.55;0.65;-0.57;1.0;0.54;0.65;-0.57;1.0;0.53;0.65;-0.57;1.0;0.63;0.68;-0.19;1.0;0.51;0.68;-0.21;1.0;0.59;0.74;-0.54;1.0;0.55;0.74;-0.54;1.0;0.71;0.9;-0.11;0.99;0.41;0.88;-0.14;0.99;0.89;0.78;-0.53;0.99;0.25;0.65;-0.47;1.0;0.74;0.52;-0.72;0.98;0.34;0.33;-0.53;0.99;0.7;0.45;-0.83;0.95;0.35;0.23;-0.64;0.95;0.68;0.45;-0.73;0.95;0.38;0.22;-0.55;0.95;0.68;0.48;-0.7;0.95;0.38;0.26;-0.52;0.94;0.66;1.54;-0.03;0.04;0.45;1.55;0.03;0.03;0.65;2.06;-0.28;0.04;0.45;2.04;-0.2;0.02;0.65;2.55;0.05;0.0;0.46;2.57;-0.11;0.0;0.65;2.63;0.06;0.0;0.46;2.65;-0.12;0.0;0.65;2.69;-0.43;0.0;0.48;2.71;-0.66;0.0
0.57;0.68;-0.66;1.0;0.59;0.65;-0.57;1.0;0.6;0.65;-0.57;1.0;0.61;0.65;-0.57;1.0;0.55;0.65;-0.58;1.0;0.54;0.65;-0.58;1.0;0.53;0.65;-0.58;1.0;0.63;0.68;-0.19;1.0;0.51;0.68;-0.21;1.0;0.59;0.74;-0.54;1.0;0.55;0.74;-0.54;1.0;0.71;0.9;-0.11;0.99;0.41;0.88;-0.14;0.99;0.89;0.78;-0.54;0.99;0.26;0.65;-0.45;1.0;0.74;0.52;-0.72;0.98;0.34;0.33;-0.5;0.99;0.69;0.45;-0.83;0.95;0.35;0.22;-0.62;0.95;0.67;0.45;-0.73;0.95;0.37;0.22;-0.53;0.95;0.67;0.48;-0.71;0.94;0.38;0.25;-0.49;0.94;0.66;1.54;-0.03;0.03;0.45;1.55;0.03;0.03;0.64;2.06;-0.28;0.04;0.45;2.04;-0.2;0.02;0.65;2.55;0.07;0.0;0.46;2.57;-0.11;0.0;0.64;2.63;0.08;0.0;0.46;2.65;-0.12;0.0;0.64;2.69;-0.42;0.0;0.47;2.71;-0.66;0.0
0.57;0.68;-0.66;1.0;0.59;0.65;-0.57;1.0;0.6;0.65;-0.57;1.0;0.61;0.65;-0.57;1.0;0.55;0.65;-0.58;1.0;0.54;0.65;-0.58;1.0;0.53;0.65;-0.58;1.0;0.63;0.68;-0.2;1.0;0.51;0.68;-0.21;1.0;0.59;0.74;-0.54;1.0;0.55;0.74;-0.55;1.0;0.71;0.9;-0.11;0.99;0.41;0.88;-0.15;0.99;0.89;0.77;-0.54;0.99;0.26;0.65;-0.46;1.0;0.73;0.52;-0.73;0.98;0.34;0.32;-0.52;0.99;0.69;0.46;-0.84;0.95;0.35;0.22;-0.64;0.95;0.67;0.46;-0.74;0.95;0.37;0.21;-0.55;0.95;0.67;0.48;-0.72;0.94;0.38;0.25;-0.51;0.95;0.66;1.54;-0.03;0.03;0.45;1.55;0.03;0.03;0.64;2.06;-0.28;0.04;0.45;2.04;-0.2;0.02;0.65;2.55;0.06;0.0;0.45;2.57;-0.11;0.0;0.64;2.63;0.07;0.0;0.46;2.65;-0.13;0.0;0.64;2.69;-0.43;0.0;0.47;2.71;-0.67;0.0
0.57;0.68;-0.68;1.0;0.59;0.65;-0.59;1.0;0.6;0.65;-0.59;1.0;0.61;0.65;-0.59;1.0;0.55;0.65;-0.6;1.0;0.54;0.65;-0.6;1.0;0.53;0.65;-0.6;1.0;0.63;0.68;-0.21;1.0;0.51;0.68;-0.22;1.0;0.59;0.74;-0.56;1.0;0.55;0.74;-0.56;1.0;0.71;0.9;-0.14;0.99;0.41;0.88;-0.15;0.99;0.89;0.75;-0.58;0.99;0.27;0.64;-0.46;1.0;0.73;0.52;-0.77;0.98;0.34;0.32;-0.53;0.99;0.68;0.45;-0.89;0.95;0.35;0.21;-0.65;0.95;0.66;0.45;-0.79;0.95;0.37;0.21;-0.57;0.95;0.66;0.48;-0.76;0.94;0.38;0.25;-0.53;0.95;0.66;1.54;-0.03;0.03;0.45;1.55;0.04;0.03;0.64;2.06;-0.3;0.03;0.45;2.03;-0.2;0.02;0.65;2.55;0.06;0.0;0.44;2.56;-0.11;0.0;0.64;2.62;0.06;0.0;0.45;2.64;-0.13;0.0;0.64;2.68;-0.44;0.0;0.46;2.7;-0.67;0.0
0.57;0.68;-0.7;1.0;0.59;0.65;-0.6;1.0;0.6;0.65;-0.6;1.0;0.61;0.65;-0.6;1.0;0.55;0.65;-0.61;1.0;0.54;0.65;-0.61;1.0;0.53;0.65;-0.61;1.0;0.63;0.68;-0.22;1.0;0.52;0.68;-0.24;1.0;0.59;0.74;-0.57;1.0;0.55;0.74;-0.57;1.0;0.71;0.9;-0.15;0.99;0.42;0.88;-0.15;0.99;0.89;0.75;-0.6;0.99;0.27;0.64;-0.47;1.0;0.72;0.52;-0.8;0.98;0.34;0.32;-0.55;0.99;0.68;0.45;-0.91;0.95;0.35;0.21;-0.67;0.95;0.66;0.45;-0.82;0.95;0.37;0.21;-0.58;0.95;0.66;0.48;-0.78;0.94;0.38;0.24;-0.54;0.95;0.66;1.54;-0.04;0.03;0.45;1.55;0.04;0.02;0.64;2.05;-0.3;0.03;0.45;2.02;-0.21;0.02;0.64;2.54;0.04;0.0;0.44;2.55;-0.12;0.0;0.64;2.62;0.05;0.0;0.44;2.64;-0.14;0.0;0.64;2.68;-0.46;0.0;0.45;2.69;-0.69;0.0
0.57;0.69;-0.7;1.0;0.59;0.65;-0.6;1.0;0.6;0.65;-0.6;1.0;0.61;0.65;-0.6;1.0;0.55;0.65;-0.61;1.0;0.54;0.65;-0.61;1.0;0.53;0.65;-0.61;1.0;0.63;0.68;-0.22;1.0;0.52;0.68;-0.23;1.0;0.59;0.74;-0.57;1.0;0.55;0.74;-0.57;1.0;0.71;0.9;-0.15;0.99;0.42;0.88;-0.15;0.99;0.89;0.75;-0.6;0.99;0.27;0.64;-0.47;1.0;0.72;0.52;-0.79;0.98;0.34;0.32;-0.55;0.99;0.68;0.45;-0.91;0.95;0.35;0.21;-0.67;0.95;0.65;0.45;-0.82;0.95;0.37;0.21;-0.59;0.95;0.66;0.48;-0.78;0.94;0.38;0.25;-0.55;0.95;0.66;1.54;-0.04;0.03;0.45;1.55;0.04;0.02;0.64;2.05;-0.31;0.03;0.44;2.02;-0.23;0.02;0.64;2.54;0.03;0.0;0.44;2.55;-0.15;0.0;0.64;2.62;0.04;0.0;0.44;2.63;-0.17;0.0;0.63;2.68;-0.47;0.0;0.45;2.69;-0.72;0.0
0.57;0.69;-0.68;1.0;0.59;0.65;-0.59;1.0;0.6;0.65;-0.59;1.0;0.61;0.65;-0.59;1.0;0.55;0.65;-0.6;1.0;0.54;0.65;-0.6;1.0;0.53;0.65;-0.6;1.0;0.63;0.68;-0.2;1.0;0.52;0.68;-0.22;1.0;0.59;0.74;-0.55;1.0;0.55;0.74;-0.56;1.0;0.71;0.9;-0.15;0.99;0.42;0.88;-0.14;0.99;0.89;0.73;-0.59;0.99;0.27;0.64;-0.45;1.0;0.7;0.49;-0.75;0.98;0.34;0.32;-0.51;0.99;0.66;0.43;-0.87;0.94;0.35;0.21;-0.63;0.95;0.64;0.43;-0.77;0.94;0.37;0.21;-0.55;0.95;0.64;0.46;-0.74;0.94;0.38;0.25;-0.51;0.95;0.66;1.54;-0.04;0.03;0.45;1.55;0.04;0.02;0.64;2.05;-0.31;0.03;0.44;2.02;-0.23;0.02;0.64;2.54;0.03;0.0;0.44;2.55;-0.15;0.0;0.64;2.62;0.03;0.0;0.44;2.63;-0.16;0.0;0.63;2.68;-0.48;0.0;0.45;2.69;-0.71;0.0
0.57;0.69;-0.65;1.0;0.59;0.65;-0.55;1.0;0.6;0.65;-0.55;1.0;0.61;0.65;-0.55;1.0;0.55;0.65;-0.56;1.0;0.54;0.65;-0.56;1.0;0.53;0.65;-0.56;1.0;0.63;0.68;-0.17;1.0;0.52;0.68;-0.18;1.0;0.59;0.74;-0.52;1.0;0.55;0.74;-0.52;1.0;0.71;0.9;-0.11;0.99;0.42;0.88;-0.12;0.99;0.89;0.72;-0.54;0.99;0.27;0.64;-0.43;1.0;0.69;0.48;-0.68;0.98;0.34;0.32;-0.47;0.99;0.65;0.43;-0.79;0.94;0.35;0.21;-0.59;0.95;0.63;0.42;-0.7;0.94;0.37;0.21;-0.51;0.95;0.64;0.45;-0.67;0.94;0.38;0.25;-0.47;0.95;0.66;1.54;-0.04;0.03;0.45;1.55;0.04;0.02;0.64;2.06;-0.31;0.03;0.44;2.03;-0.23;0.02;0.64;2.55;0.02;0.0;0.43;2.56;-0.15;0.0;0.64;2.63;0.02;0.0;0.43;2.64;-0.17;0.0;0.63;2.69;-0.5;0.0;0.44;2.7;-0.72;0.0
0.57;0.69;-0.64;1.0;0.59;0.65;-0.54;1.0;0.6;0.65;-0.54;1.0;0.61;0.65;-0.54;1.0;0.55;0.65;-0.55;1.0;0.54;0.65;-0.55;1.0;0.53;0.65;-0.55;1.0;0.63;0.68;-0.16;1.0;0.52;0.68;-0.17;1.0;0.59;0.74;-0.51;1.0;0.55;0.74;-0.52;1.0;0.71;0.9;-0.11;0.99;0.42;0.88;-0.11;0.99;0.89;0.72;-0.54;0.99;0.27;0.64;-0.42;1.0;0.69;0.48;-0.69;0.98;0.34;0.32;-0.48;0.99;0.65;0.43;-0.81;0.94;0.35;0.21;-0.6;0.95;0.63;0.42;-0.72;0.94;0.37;0.21;-0.52;0.95;0.63;0.45;-0.68;0.94;0.38;0.25;-0.48;0.95;0.66;1.55;-0.04;0.03;0.45;1.55;0.04;0.02;0.64;2.06;-0.31;0.03;0.44;2.04;-0.23;0.02;0.64;2.56;0.0;0.0;0.43;2.57;-0.17;0.0;0.64;2.64;0.01;0.0;0.43;2.65;-0.18;0.0;0.63;2.7;-0.51;0.0;0.45;2.71;-0.74;0.0
0.57;0.69;-0.75;1.0;0.59;0.65;-0.65;1.0;0.6;0.65;-0.65;1.0;0.61;0.65;-0.65;1.0;0.55;0.65;-0.66;1.0;0.54;0.65;-0.66;1.0;0.53;0.65;-0.66;1.0;0.63;0.68;-0.25;1.0;0.52;0.68;-0.28;1.0;0.59;0.74;-0.61;1.0;0.55;0.74;-0.62;1.0;0.71;0.9;-0.22;0.99;0.42;0.88;-0.21;0.99;0.88;0.7;-0.8;0.99;0.26;0.66;-0.75;1.0;0.7;0.45;-1.07;0.98;0.35;0.34;-1.04;0.99;0.66;0.38;-1.2;0.94;0.35;0.25;-1.18;0.95;0.63;0.37;-1.11;0.94;0.38;0.25;-1.07;0.95;0.63;0.4;-1.06;0.93;0.38;0.29;-1.03;0.95;0.66;1.55;-0.04;0.03;0.45;1.55;0.05;0.02;0.64;1.96;-0.4;0.03;0.42;1.94;-0.33;0.02;0.65;2.46;-0.07;0.0;0.43;2.49;-0.22;0.0;0.64;2.55;-0.06;0.0;0.44;2.57;-0.23;0.0;0.64;2.6;-0.54;0.0;0.45;2.63;-0.74;0.0
0.57;0.69;-0.77;1.0;0.59;0.65;-0.67;1.0;0.6;0.65;-0.67;1.0;0.61;0.65;-0.67;1.0;0.55;0.65;-0.68;1.0;0.54;0.65;-0.68;1.0;0.53;0.65;-0.68;1.0;0.63;0.68;-0.27;1.0;0.52;0.67;-0.3;1.0;0.59;0.74;-0.63;1.0;0.55;0.74;-0.64;1.0;0.71;0.9;-0.24;0.99;0.42;0.88;-0.24;0.99;0.87;0.69;-0.82;0.99;0.25;0.67;-0.78;1.0;0.7;0.44;-1.1;0.98;0.35;0.35;-1.07;0.99;0.66;0.37;-1.23;0.94;0.36;0.26;-1.21;0.95;0.63;0.36;-1.13;0.94;0.38;0.27;-1.11;0.95;0.63;0.39;-1.09;0.93;0.39;0.3;-1.06;0.95;0.66;1.55;-0.04;0.03;0.45;1.55;0.05;0.03;0.64;1.94;-0.41;0.03;0.41;1.93;-0.34;0.02;0.65;2.45;-0.08;0.0;0.44;2.47;-0.23;0.0;0.64;2.53;-0.07;0.0;0.45;2.55;-0.24;0.0;0.64;2.58;-0.54;0.0;0.45;2.62;-0.73;0.0
0.57;0.69;-0.75;1.0;0.59;0.65;-0.66;1.0;0.6;0.65;-0.66;1.0;0.61;0.65;-0.66;1.0;0.55;0.65;-0.67;1.0;0.54;0.65;-0.67;1.0;0.53;0.65;-0.67;1.0;0.63;0.68;-0.26;1.0;0.52;0.67;-0.29;1.0;0.59;0.74;-0.62;1.0;0.55;0.74;-0.63;1.0;0.71;0.9;-0.23;0.99;0.42;0.89;-0.22;0.99;0.87;0.69;-0.78;0.99;0.25;0.67;-0.74;1.0;0.7;0.43;-1.05;0.98;0.35;0.35;-1.0;0.99;0.66;0.36;-1.17;0.94;0.36;0.27;-1.14;0.95;0.63;0.36;-1.08;0.94;0.38;0.28;-1.04;0.95;0.63;0.38;-1.03;0.93;0.39;0.31;-0.99;0.95;0.66;1.55;-0.04;0.03;0.45;1.56;0.05;0.03;0.64;1.95;-0.4;0.03;0.41;1.94;-0.33;0.02;0.65;2.46;-0.07;0.0;0.44;2.48;-0.22;0.0;0.65;2.54;-0.07;0.0;0.45;2.56;-0.24;0.0;0.64;2.59;-0.54;0.0;0.45;2.62;-0.73;0.0
0.57;0.69;-0.76;1.0;0.59;0.65;-0.67;1.0;0.6;0.65;-0.67;1.0;0.61;0.65;-0.67;1.0;0.55;0.65;-0.67;1.0;0.54;0.65;-0.67;1.0;0.53;0.65;-0.67;1.0;0.63;0.68;-0.28;1.0;0.52;0.67;-0.29;1.0;0.59;0.74;-0.62;1.0;0.55;0.74;-0.62;1.0;0.71;0.89;-0.28;0.99;0.42;0.89;-0.21;0.99;0.86;0.68;-0.91;0.99;0.24;0.71;-0.87;1.0;0.71;0.41;-1.24;0.98;0.35;0.41;-1.43;0.99;0.69;0.33;-1.38;0.94;0.36;0.33;-1.59;0.95;0.66;0.33;-1.31;0.94;0.39;0.33;-1.49;0.95;0.65;0.36;-1.24;0.93;0.4;0.36;-1.42;0.94;0.66;1.55;-0.05;0.04;0.45;1.56;0.06;0.03;0.65;1.89;-0.46;0.03;0.42;1.93;-0.23;0.02;0.65;2.4;-0.16;0.0;0.45;2.44;-0.21;0.0;0.65;2.49;-0.15;0.0;0.47;2.52;-0.23;0.0;0.65;2.53;-0.61;0.0;0.46;2.56;-0.69;0.0
0.57;0.69;-0.76;1.0;0.59;0.65;-0.67;1.0;0.6;0.65;-0.67;1.0;0.61;0.65;-0.67;1.0;0.55;0.65;-0.67;1.0;0.54;0.65;-0.67;1.0;0.53;0.65;-0.67;1.0;0.63;0.68;-0.29;1.0;0.52;0.67;-0.29;1.0;0.59;0.74;-0.62;1.0;0.55;0.75;-0.62;1.0;0.71;0.89;-0.29;0.99;0.42;0.89;-0.21;0.99;0.86;0.68;-0.92;0.99;0.23;0.73;-0.88;1.0;0.71;0.4;-1.26;0.98;0.35;0.43;-1.45;0.99;0.7;0.33;-1.4;0.94;0.36;0.34;-1.61;0.95;0.67;0.32;-1.32;0.94;0.39;0.34;-1.51;0.95;0.66;0.35;-1.25;0.93;0.4;0.37;-1.44;0.94;0.66;1.55;-0.06;0.04;0.45;1.56;0.06;0.03;0.65;1.88;-0.47;0.03;0.43;1.93;-0.21;0.02;0.65;2.39;-0.17;0.0;0.46;2.43;-0.21;0.0;0.65;2.48;-0.17;0.0;0.47;2.51;-0.23;0.0;0.65;2.52;-0.63;0.0;0.46;2.55;-0.68;0.0
0.57;0.69;-0.75;1.0;0.59;0.65;-0.67;1.0;0.6;0.65;-0.67;1.0;0.61;0.65;-0.67;1.0;0.55;0.65;-0.67;1.0;0.54;0.65;-0.67;1.0;0.53;0.65;-0.67;1.0;0.63;0.68;-0.29;1.0;0.51;0.67;-0.28;1.0;0.59;0.74;-0.62;1.0;0.56;0.75;-0.62;1.0;0.71;0.89;-0.28;0.99;0.42;0.89;-0.2;0.99;0.86;0.68;-0.91;0.99;0.23;0.73;-0.87;1.0;0.72;0.4;-1.24;0.98;0.35;0.43;-1.44;0.99;0.7;0.32;-1.39;0.94;0.36;0.34;-1.6;0.95;0.67;0.32;-1.31;0.94;0.4;0.34;-1.5;0.95;0.67;0.35;-1.24;0.93;0.4;0.37;-1.43;0.94;0.66;1.55;-0.06;0.04;0.45;1.56;0.06;0.03;0.66;1.89;-0.46;0.03;0.43;1.93;-0.21;0.02;0.66;2.4;-0.16;0.0;0.46;2.44;-0.21;0.0;0.65;2.49;-0.16;0.0;0.48;2.52;-0.23;0.0;0.65;2.53;-0.63;0.0;0.47;2.56;-0.68;0.01
0.57;0.69;-0.75;1.0;0.59;0.65;-0.66;1.0;0.6;0.65;-0.66;1.0;0.61;0.65;-0.66;1.0;0.55;0.65;-0.66;1.0;0.54;0.65;-0.66;1.0;0.53;0.65;-0.66;1.0;0.63;0.68;-0.3;1.0;0.51;0.68;-0.28;1.0;0.59;0.74;-0.62;1.0;0.55;0.75;-0.62;1.0;0.71;0.89;-0.29;0.99;0.42;0.89;-0.13;0.99;0.86;0.68;-0.86;0.99;0.22;0.76;-0.73;1.0;0.73;0.39;-1.06;0.98;0.35;0.48;-1.23;0.99;0.72;0.3;-1.19;0.94;0.37;0.41;-1.38;0.95;0.69;0.3;-1.12;0.94;0.4;0.4;-1.28;0.95;0.69;0.33;-1.05;0.94;0.4;0.43;-1.22;0.95;0.66;1.55;-0.09;0.04;0.46;1.55;0.09;0.03;0.65;2.01;-0.44;0.03;0.44;2.0;-0.1;0.02;0.66;2.53;-0.13;0.0;0.47;2.53;-0.06;0.0;0.66;2.61;-0.13;0.0;0.48;2.61;-0.07;0.0;0.65;2.65;-0.61;0.0;0.47;2.67;-0.56;0.0
0.57;0.7;-0.75;1.0;0.59;0.65;-0.66;1.0;0.6;0.65;-0.66;1.0;0.61;0.65;-0.66;1.0;0.55;0.65;-0.66;1.0;0.54;0.65;-0.66;1.0;0.53;0.65;-0.66;1.0;0.63;0.68;-0.3;1.0;0.51;0.68;-0.28;1.0;0.59;0.74;-0.61;1.0;0.55;0.75;-0.62;1.0;0.71;0.89;-0.29;0.99;0.42;0.89;-0.12;0.99;0.86;0.68;-0.84;0.99;0.21;0.77;-0.69;1.0;0.74;0.39;-1.01;0.98;0.35;0.49;-1.2;0.99;0.72;0.29;-1.14;0.95;0.37;0.42;-1.35;0.95;0.7;0.29;-1.06;0.95;0.4;0.41;-1.25;0.95;0.7;0.33;-1.0;0.94;0.4;0.44;-1.19;0.95;0.66;1.55;-0.1;0.04;0.46;1.55;0.1;0.03;0.64;2.03;-0.44;0.03;0.44;2.01;-0.1;0.02;0.66;2.54;-0.13;0.0;0.47;2.55;-0.05;0.0;0.66;2.63;-0.12;0.0;0.48;2.63;-0.06;0.0;0.64;2.67;-0.6;0.0;0.47;2.69;-0.56;0.0
0.57;0.7;-0.75;1.0;0.59;0.65;-0.66;1.0;0.6;0.65;-0.66;1.0;0.61;0.65;-0.66;1.0;0.55;0.65;-0.66;1.0;0.54;0.65;-0.66;1.0;0.53;0.65;-0.66;1.0;0.63;0.68;-0.3;1.0;0.51;0.68;-0.28;1.0;0.59;0.75;-0.61;1.0;0.55;0.75;-0.62;1.0;0.71;0.88;-0.29;0.99;0.42;0.89;-0.12;0.99;0.86;0.68;-0.82;0.99;0.21;0.77;-0.66;1.0;0.74;0.39;-0.98;0.98;0.35;0.49;-1.18;0.99;0.73;0.29;-1.1;0.95;0.37;0.42;-1.33;0.95;0.7;0.29;-1.03;0.95;0.4;0.42;-1.23;0.95;0.7;0.33;-0.97;0.94;0.4;0.44;-1.17;0.95;0.66;1.55;-0.1;0.04;0.46;1.55;0.11;0.03;0.64;2.04;-0.43;0.03;0.45;2.02;-0.07;0.02;0.66;2.55;-0.12;0.0;0.47;2.56;-0.01;0.0;0.66;2.63;-0.12;0.0;0.48;2.64;-0.02;0.0;0.64;2.67;-0.6;0.0;0.47;2.7;-0.51;0.0
0.57;0.69;-0.74;1.0;0.59;0.65;-0.66;1.0;0.6;0.65;-0.66;1.0;0.61;0.65;-0.65;1.0;0.55;0.65;-0.66;1.0;0.54;0.65;-0.66;1.0;0.53;0.65;-0.66;1.0;0.63;0.68;-0.3;1.0;0.51;0.68;-0.27;1.0;0.59;0.74;-0.61;1.0;0.55;0.75;-0.61;1.0;0.71;0.88;-0.29;0.99;0.42;0.89;-0.11;0.99;0.86;0.68;-0.72;0.99;0.2;0.79;-0.64;1.0;0.76;0.38;-0.85;0.98;0.35;0.53;-1.17;0.99;0.75;0.27;-0.97;0.95;0.37;0.46;-1.32;0.95;0.72;0.27;-0.89;0.95;0.4;0.46;-1.21;0.96;0.72;0.31;-0.84;0.94;0.4;0.49;-1.17;0.95;0.66;1.55;-0.1;0.04;0.46;1.55;0.1;0.03;0.64;2.08;-0.36;0.03;0.45;2.07;-0.02;0.02;0.66;2.59;-0.02;0.0;0.47;2.59;0.06;0.0;0.66;2.67;-0.02;0.0;0.48;2.66;0.05;0.0;0.64;2.71;-0.5;0.0;0.47;2.73;-0.44;0.0
0.57;0.69;-0.74;1.0;0.59;0.65;-0.66;1.0;0.6;0.65;-0.66;1.0;0.61;0.65;-0.66;1.0;0.55;0.65;-0.66;1.0;0.54;0.65;-0.66;1.0;0.53;0.65;-0.66;1.0;0.63;0.68;-0.3;1.0;0.51;0.67;-0.27;1.0;0.59;0.74;-0.61;1.0;0.55;0.74;-0.61;1.0;0.71;0.88;-0.28;1.0;0.42;0.89;-0.11;1.0;0.86;0.68;-0.7;0.99;0.19;0.8;-0.63;1.0;0.77;0.38;-0.84;0.98;0.35;0.54;-1.14;0.99;0.76;0.27;-0.96;0.95;0.37;0.46;-1.28;0.95;0.73;0.27;-0.88;0.95;0.4;0.46;-1.16;0.96;0.73;0.31;-0.83;0.94;0.4;0.49;-1.13;0.95;0.66;1.55;-0.1;0.04;0.46;1.55;0.1;0.03;0.64;2.08;-0.34;0.03;0.46;2.07;-0.01;0.02;0.66;2.6;0.0;0.0;0.48;2.59;0.07;0.0;0.66;2.68;0.01;0.0;0.48;2.67;0.06;0.0;0.64;2.72;-0.48;0.0;0.47;2.74;-0.44;0.0
0.57;0.69;-0.74;1.0;0.59;0.65;-0.66;1.0;0.6;0.65;-0.66;1.0;0.61;0.65;-0.66;1.0;0.55;0.65;-0.66;1.0;0.54;0.65;-0.66;1.0;0.53;0.65;-0.66;1.0;0.62;0.68;-0.31;1.0;0.51;0.67;-0.27;1.0;0.59;0.74;-0.61;1.0;0.55;0.74;-0.61;1.0;0.71;0.88;-0.28;1.0;0.42;0.89;-0.11;1.0;0.86;0.68;-0.69;0.99;0.19;0.8;-0.62;1.0;0.77;0.37;-0.84;0.98;0.35;0.54;-1.11;0.99;0.76;0.27;-0.96;0.95;0.38;0.47;-1.25;0.96;0.73;0.27;-0.88;0.95;0.4;0.47;-1.13;0.96;0.73;0.31;-0.83;0.94;0.41;0.5;-1.1;0.95;0.66;1.55;-0.09;0.03;0.46;1.55;0.1;0.03;0.64;2.08;-0.33;0.03;0.46;2.08;-0.02;0.02;0.66;2.6;0.01;0.0;0.48;2.6;0.07;0.0;0.67;2.68;0.01;0.0;0.48;2.67;0.06;0.0;0.64;2.72;-0.47;0.0;0.47;2.74;-0.44;0.0
0.57;0.7;-0.71;1.0;0.59;0.65;-0.63;1.0;0.6;0.65;-0.63;1.0;0.61;0.65;-0.63;1.0;0.55;0.65;-0.63;1.0;0.54;0.65;-0.63;1.0;0.53;0.65;-0.63;1.0;0.62;0.68;-0.26;1.0;0.51;0.67;-0.26;1.0;0.59;0.74;-0.58;1.0;0.55;0.74;-0.58;1.0;0.71;0.88;-0.19;1.0;0.42;0.89;-0.11;1.0;0.86;0.68;-0.59;0.99;0.19;0.81;-0.67;1.0;0.78;0.37;-0.73;0.98;0.36;0.55;-1.21;0.99;0.77;0.26;-0.84;0.95;0.38;0.48;-1.36;0.96;0.75;0.26;-0.77;0.95;0.41;0.48;-1.24;0.96;0.74;0.3;-0.73;0.94;0.41;0.51;-1.19;0.95;0.66;1.55;-0.07;0.04;0.46;1.56;0.07;0.03;0.64;2.09;-0.28;0.03;0.46;2.08;-0.05;0.02;0.66;2.6;0.05;0.0;0.48;2.6;0.03;0.0;0.67;2.68;0.05;0.0;0.48;2.68;0.02;0.0;0.64;2.73;-0.42;0.0;0.48;2.74;-0.48;0.0
0.57;0.7;-0.7;1.0;0.59;0.65;-0.62;1.0;0.6;0.65;-0.62;1.0;0.61;0.65;-0.62;1.0;0.55;0.65;-0.62;1.0;0.54;0.65;-0.62;1.0;0.53;0.65;-0.62;1.0;0.62;0.68;-0.25;1.0;0.51;0.67;-0.25;1.0;0.59;0.74;-0.57;1.0;0.55;0.74;-0.57;1.0;0.71;0.88;-0.18;1.0;0.42;0.89;-0.11;1.0;0.86;0.68;-0.57;0.99;0.19;0.81;-0.69;1.0;0.78;0.37;-0.72;0.99;0.36;0.55;-1.23;0.99;0.77;0.25;-0.83;0.95;0.39;0.48;-1.38;0.96;0.75;0.25;-0.76;0.95;0.41;0.49;-1.25;0.96;0.75;0.29;-0.71;0.94;0.41;0.52;-1.21;0.95;0.66;1.55;-0.06;0.04;0.46;1.56;0.07;0.03;0.64;2.09;-0.28;0.03;0.46;2.08;-0.06;0.02;0.66;2.6;0.05;0.0;0.48;2.6;0.01;0.0;0.67;2.67;0.05;0.0;0.48;2.68;0.0;0.0;0.64;2.73;-0.42;0.0;0.48;2.75;-0.5;0.0
0.57;0.7;-0.7;1.0;0.59;0.65;-0.62;1.0;0.6;0.65;-0.62;1.0;0.61;0.65;-0.62;1.0;0.56;0.65;-0.62;1.0;0.54;0.65;-0.62;1.0;0.53;0.65;-0.62;1.0;0.62;0.68;-0.25;1.0;0.51;0.67;-0.25;1.0;0.59;0.75;-0.57;1.0;0.55;0.74;-0.57;1.0;0.71;0.88;-0.17;1.0;0.41;0.89;-0.11;1.0;0.86;0.68;-0.58;0.99;0.19;0.82;-0.7;1.0;0.78;0.36;-0.73;0.99;0.36;0.55;-1.24;0.99;0.77;0.25;-0.83;0.95;0.39;0.49;-1.39;0.96;0.75;0.25;-0.76;0.95;0.41;0.49;-1.27;0.96;0.75;0.29;-0.72;0.95;0.41;0.52;-1.22;0.95;0.66;1.55;-0.06;0.04;0.46;1.56;0.06;0.03;0.64;2.09;-0.28;0.03;0.46;2.08;-0.07;0.02;0.66;2.59;0.05;0.0;0.48;2.6;0.0;0.0;0.67;2.67;0.05;0.0;0.48;2.68;-0.01;0.0;0.64;2.73;-0.42;0.0;0.48;2.75;-0.51;0.0
0.57;0.7;-0.72;1.0;0.59;0.65;-0.64;1.0;0.6;0.65;-0.64;1.0;0.61;0.65;-0.64;1.0;0.55;0.65;-0.64;1.0;0.54;0.65;-0.64;1.0;0.53;0.65;-0.64;1.0;0.62;0.68;-0.27;1.0;0.51;0.67;-0.27;1.0;0.59;0.74;-0.59;1.0;0.55;0.74;-0.59;1.0;0.71;0.88;-0.2;1.0;0.41;0.89;-0.14;1.0;0.86;0.68;-0.65;0.99;0.19;0.81;-0.74;1.0;0.78;0.37;-0.85;0.99;0.36;0.55;-1.27;0.99;0.77;0.26;-0.97;0.95;0.39;0.48;-1.42;0.96;0.75;0.26;-0.9;0.95;0.41;0.48;-1.3;0.96;0.74;0.3;-0.84;0.95;0.41;0.51;-1.25;0.95;0.66;1.55;-0.06;0.04;0.46;1.56;0.06;0.03;0.64;2.09;-0.28;0.03;0.46;2.08;-0.05;0.02;0.66;2.59;0.06;0.0;0.48;2.6;0.05;0.0;0.67;2.67;0.07;0.0;0.49;2.68;0.04;0.0;0.64;2.73;-0.41;0.0;0.48;2.74;-0.46;0.0
0.57;0.7;-0.73;1.0;0.59;0.65;-0.65;1.0;0.6;0.65;-0.65;1.0;0.61;0.65;-0.65;1.0;0.55;0.65;-0.65;1.0;0.54;0.65;-0.65;1.0;0.53;0.65;-0.65;1.0;0.62;0.68;-0.28;1.0;0.51;0.67;-0.28;1.0;0.59;0.74;-0.6;1.0;0.55;0.74;-0.6;1.0;0.71;0.88;-0.22;1.0;0.41;0.9;-0.15;1.0;0.86;0.68;-0.68;0.99;0.19;0.81;-0.75;1.0;0.78;0.37;-0.89;0.99;0.36;0.55;-1.27;0.99;0.77;0.26;-1.01;0.95;0.39;0.48;-1.42;0.95;0.75;0.26;-0.93;0.96;0.41;0.48;-1.3;0.96;0.74;0.3;-0.88;0.95;0.41;0.51;-1.25;0.95;0.66;1.55;-0.06;0.04;0.46;1.56;0.06;0.03;0.64;2.08;-0.29;0.03;0.46;2.08;-0.04;0.01;0.66;2.59;0.06;0.0;0.48;2.6;0.06;0.0;0.67;2.67;0.06;0.0;0.49;2.67;0.05;0.0;0.64;2.72;-0.42;0.0;0.48;2.74;-0.45;0.0
0.57;0.7;-0.73;1.0;0.59;0.65;-0.66;1.0;0.6;0.65;-0.66;1.0;0.61;0.65;-0.66;1.0;0.55;0.65;-0.66;1.0;0.54;0.65;-0.66;1.0;0.53;0.65;-0.66;1.0;0.62;0.68;-0.29;1.0;0.51;0.67;-0.28;1.0;0.59;0.74;-0.6;1.0;0.55;0.74;-0.6;1.0;0.71;0.88;-0.23;1.0;0.41;0.9;-0.15;1.0;0.86;0.68;-0.69;0.99;0.19;0.81;-0.75;1.0;0.78;0.37;-0.89;0.99;0.36;0.55;-1.27;0.99;0.77;0.26;-1.02;0.96;0.39;0.48;-1.42;0.95;0.75;0.26;-0.94;0.96;0.41;0.48;-1.3;0.96;0.74;0.3;-0.89;0.95;0.41;0.51;-1.25;0.95;0.66;1.55;-0.06;0.04;0.46;1.56;0.06;0.03;0.64;2.08;-0.3;0.03;0.46;2.07;-0.04;0.01;0.66;2.59;0.05;0.0;0.48;2.6;0.06;0.0;0.67;2.67;0.05;0.0;0.49;2.67;0.05;0.0;0.64;2.72;-0.42;0.0;0.48;2.74;-0.44;0.0
0.57;0.7;-0.68;1.0;0.59;0.65;-0.6;1.0;0.6;0.65;-0.6;1.0;0.61;0.65;-0.6;1.0;0.55;0.65;-0.59;1.0;0.54;0.65;-0.59;1.0;0.53;0.65;-0.59;1.0;0.62;0.68;-0.23;1.0;0.51;0.67;-0.22;1.0;0.59;0.74;-0.56;1.0;0.55;0.74;-0.55;1.0;0.71;0.88;-0.2;1.0;0.41;0.9;-0.1;1.0;0.86;0.69;-0.64;0.99;0.19;0.8;-0.63;1.0;0.78;0.39;-0.81;0.99;0.33;0.51;-1.12;0.99;0.77;0.28;-0.93;0.96;0.36;0.45;-1.27;0.95;0.75;0.28;-0.86;0.96;0.38;0.45;-1.16;0.96;0.74;0.32;-0.81;0.95;0.38;0.47;-1.11;0.95;0.66;1.55;-0.06;0.03;0.46;1.56;0.06;0.03;0.64;2.06;-0.3;0.03;0.46;2.05;-0.04;0.01;0.66;2.56;0.05;0.0;0.48;2.58;0.07;0.0;0.67;2.64;0.06;0.0;0.48;2.65;0.05;0.0;0.64;2.69;-0.41;0.0;0.48;2.72;-0.43;0.0
0.57;0.69;-0.67;1.0;0.59;0.65;-0.59;1.0;0.6;0.65;-0.59;1.0;0.61;0.65;-0.59;1.0;0.55;0.65;-0.58;1.0;0.54;0.65;-0.58;1.0;0.53;0.65;-0.58;1.0;0.62;0.68;-0.22;1.0;0.51;0.68;-0.21;1.0;0.59;0.74;-0.54;1.0;0.55;0.74;-0.54;1.0;0.71;0.88;-0.19;1.0;0.41;0.9;-0.09;1.0;0.86;0.7;-0.63;0.99;0.19;0.79;-0.63;1.0;0.78;0.4;-0.81;0.99;0.32;0.5;-1.11;0.99;0.77;0.29;-0.92;0.96;0.35;0.43;-1.25;0.95;0.74;0.29;-0.86;0.96;0.37;0.43;-1.15;0.95;0.74;0.33;-0.8;0.95;0.37;0.46;-1.1;0.94;0.66;1.55;-0.06;0.03;0.46;1.56;0.06;0.02;0.64;2.05;-0.3;0.03;0.45;2.04;-0.04;0.01;0.66;2.54;0.05;0.0;0.47;2.56;0.06;0.0;0.67;2.62;0.05;0.0;0.48;2.64;0.05;0.0;0.64;2.68;-0.41;0.0;0.48;2.7;-0.43;0.0
0.57;0.69;-0.67;1.0;0.59;0.65;-0.58;1.0;0.6;0.65;-0.58;1.0;0.61;0.65;-0.58;1.0;0.55;0.65;-0.58;1.0;0.54;0.65;-0.58;1.0;0.53;0.65;-0.58;1.0;0.62;0.68;-0.22;1.0;0.51;0.68;-0.2;1.0;0.59;0.74;-0.54;1.0;0.55;0.74;-0.54;1.0;0.7;0.88;-0.18;1.0;0.41;0.9;-0.08;1.0;0.86;0.71;-0.62;0.99;0.2;0.78;-0.61;1.0;0.78;0.4;-0.81;0.99;0.32;0.49;-1.09;0.99;0.76;0.29;-0.92;0.96;0.35;0.43;-1.23;0.95;0.74;0.29;-0.85;0.96;0.37;0.43;-1.13;0.95;0.74;0.33;-0.8;0.95;0.37;0.45;-1.08;0.94;0.66;1.55;-0.06;0.03;0.46;1.56;0.06;0.02;0.64;2.04;-0.3;0.03;0.45;2.03;-0.04;0.01;0.66;2.53;0.05;0.0;0.47;2.55;0.06;0.0;0.67;2.61;0.05;0.0;0.48;2.63;0.05;0.0;0.64;2.67;-0.41;0.0;0.47;2.69;-0.43;0.0
0.57;0.69;-0.67;1.0;0.59;0.65;-0.59;1.0;0.6;0.65;-0.59;1.0;0.61;0.65;-0.59;1.0;0.55;0.65;-0.58;1.0;0.54;0.65;-0.58;1.0;0.53;0.65;-0.58;1.0;0.62;0.68;-0.23;1.0;0.51;0.68;-0.22;1.0;0.59;0.74;-0.55;1.0;0.55;0.74;-0.54;1.0;0.7;0.89;-0.18;1.0;0.41;0.9;-0.11;1.0;0.87;0.74;-0.65;0.99;0.2;0.77;-0.63;1.0;0.78;0.43;-0.96;0.99;0.3;0.46;-1.08;0.99;0.76;0.33;-1.08;0.96;0.32;0.37;-1.22;0.95;0.74;0.32;-1.01;0.96;0.35;0.37;-1.13;0.95;0.74;0.36;-0.95;0.95;0.35;0.4;-1.07;0.94;0.65;1.55;-0.06;0.03;0.45;1.56;0.06;0.02;0.64;2.03;-0.31;0.03;0.45;2.02;-0.08;0.01;0.66;2.52;0.05;0.0;0.47;2.55;0.01;0.0;0.66;2.6;0.05;0.0;0.48;2.62;-0.0;0.0;0.64;2.66;-0.41;0.0;0.47;2.69;-0.49;0.0
0.57;0.69;-0.67;1.0;0.59;0.65;-0.6;1.0;0.6;0.65;-0.6;1.0;0.61;0.65;-0.59;1.0;0.55;0.65;-0.59;1.0;0.54;0.65;-0.59;1.0;0.53;0.65;-0.59;1.0;0.62;0.68;-0.23;1.0;0.51;0.68;-0.22;1.0;0.59;0.74;-0.55;1.0;0.55;0.74;-0.54;1.0;0.7;0.89;-0.18;1.0;0.41;0.9;-0.12;1.0;0.87;0.75;-0.66;0.99;0.2;0.76;-0.63;1.0;0.78;0.44;-0.95;0.99;0.3;0.45;-1.06;0.99;0.76;0.34;-1.07;0.96;0.32;0.36;-1.2;0.95;0.74;0.33;-1.0;0.96;0.34;0.35;-1.1;0.95;0.74;0.36;-0.95;0.95;0.34;0.39;-1.05;0.94;0.65;1.55;-0.05;0.03;0.45;1.56;0.06;0.02;0.64;2.03;-0.31;0.03;0.45;2.02;-0.09;0.01;0.66;2.52;0.05;0.0;0.47;2.55;0.0;0.0;0.66;2.6;0.05;0.0;0.48;2.62;-0.01;0.0;0.64;2.66;-0.41;0.0;0.48;2.69;-0.5;0.0
0.57;0.69;-0.68;1.0;0.59;0.65;-0.6;1.0;0.6;0.65;-0.6;1.0;0.61;0.65;-0.6;1.0;0.55;0.65;-0.59;1.0;0.54;0.65;-0.59;1.0;0.53;0.65;-0.59;1.0;0.62;0.68;-0.23;1.0;0.51;0.68;-0.22;1.0;0.59;0.74;-0.55;1.0;0.55;0.74;-0.55;1.0;0.7;0.89;-0.17;1.0;0.41;0.9;-0.13;1.0;0.87;0.75;-0.66;0.99;0.21;0.76;-0.63;1.0;0.78;0.44;-0.95;0.99;0.29;0.44;-1.06;0.99;0.76;0.35;-1.07;0.96;0.31;0.35;-1.2;0.95;0.74;0.33;-1.0;0.96;0.34;0.35;-1.11;0.95;0.73;0.37;-0.94;0.95;0.34;0.38;-1.05;0.94;0.65;1.55;-0.05;0.03;0.45;1.56;0.05;0.02;0.64;2.03;-0.31;0.03;0.45;2.02;-0.1;0.01;0.66;2.52;0.05;0.0;0.47;2.55;-0.01;0.0;0.66;2.6;0.06;0.0;0.48;2.63;-0.02;0.0;0.65;2.66;-0.41;0.0;0.48;2.69;-0.52;0.0
0.57;0.69;-0.67;1.0;0.59;0.65;-0.59;1.0;0.6;0.65;-0.59;1.0;0.61;0.65;-0.59;1.0;0.55;0.65;-0.59;1.0;0.54;0.65;-0.59;1.0;0.53;0.65;-0.59;1.0;0.62;0.68;-0.21;1.0;0.51;0.68;-0.22;1.0;0.59;0.74;-0.55;1.0;0.55;0.74;-0.55;1.0;0.7;0.89;-0.15;1.0;0.41;0.89;-0.13;1.0;0.88;0.77;-0.62;0.99;0.21;0.73;-0.55;1.0;0.78;0.46;-0.94;0.99;0.28;0.4;-0.85;0.99;0.76;0.37;-1.06;0.96;0.29;0.31;-0.99;0.95;0.73;0.35;-0.99;0.96;0.32;0.3;-0.91;0.96;0.73;0.38;-0.94;0.95;0.32;0.33;-0.85;0.95;0.65;1.55;-0.05;0.03;0.44;1.56;0.05;0.02;0.63;2.06;-0.31;0.03;0.44;2.05;-0.19;0.01;0.65;2.57;0.01;0.0;0.46;2.58;-0.14;0.0;0.65;2.64;0.02;0.0;0.46;2.66;-0.16;0.0;0.64;2.7;-0.47;0.0;0.47;2.73;-0.69;0.0
0.57;0.69;-0.67;1.0;0.59;0.65;-0.58;1.0;0.6;0.65;-0.58;1.0;0.61;0.65;-0.58;1.0;0.55;0.65;-0.59;1.0;0.54;0.65;-0.59;1.0;0.53;0.65;-0.59;1.0;0.62;0.68;-0.21;1.0;0.51;0.67;-0.22;1.0;0.59;0.74;-0.55;1.0;0.55;0.74;-0.55;1.0;0.7;0.9;-0.15;1.0;0.41;0.89;-0.14;1.0;0.88;0.78;-0.61;0.99;0.22;0.73;-0.55;1.0;0.78;0.47;-0.93;0.99;0.28;0.39;-0.86;0.99;0.76;0.38;-1.05;0.96;0.29;0.29;-1.0;0.95;0.73;0.36;-0.98;0.96;0.31;0.28;-0.92;0.96;0.73;0.39;-0.92;0.95;0.32;0.32;-0.86;0.95;0.65;1.55;-0.04;0.03;0.44;1.56;0.05;0.02;0.63;2.08;-0.31;0.03;0.44;2.06;-0.21;0.01;0.64;2.58;-0.0;0.0;0.45;2.6;-0.16;0.0;0.64;2.66;-0.0;0.0;0.45;2.68;-0.18;0.0;0.63;2.72;-0.49;0.0;0.46;2.74;-0.71;0.0
0.57;0.69;-0.67;1.0;0.59;0.65;-0.58;1.0;0.6;0.65;-0.58;1.0;0.61;0.65;-0.58;1.0;0.55;0.65;-0.59;1.0;0.54;0.65;-0.59;1.0;0.53;0.65;-0.59;1.0;0.62;0.68;-0.21;1.0;0.51;0.67;-0.22;1.0;0.59;0.74;-0.54;1.0;0.54;0.74;-0.55;1.0;0.7;0.9;-0.15;1.0;0.41;0.89;-0.14;1.0;0.88;0.78;-0.61;0.99;0.22;0.72;-0.54;1.0;0.77;0.47;-0.93;0.99;0.28;0.38;-0.86;0.99;0.75;0.38;-1.04;0.96;0.28;0.29;-1.0;0.96;0.73;0.36;-0.97;0.96;0.31;0.28;-0.92;0.96;0.73;0.39;-0.92;0.95;0.32;0.32;-0.86;0.95;0.65;1.55;-0.04;0.03;0.44;1.56;0.05;0.02;0.63;2.09;-0.31;0.03;0.44;2.07;-0.21;0.01;0.64;2.59;-0.01;0.0;0.45;2.61;-0.16;0.0;0.63;2.67;-0.01;0.0;0.45;2.69;-0.18;0.0;0.62;2.73;-0.5;0.0;0.46;2.75;-0.71;0.0
0.57;0.69;-0.69;1.0;0.59;0.65;-0.59;1.0;0.6;0.65;-0.59;1.0;0.61;0.65;-0.59;1.0;0.55;0.65;-0.6;1.0;0.54;0.65;-0.6;1.0;0.53;0.65;-0.6;1.0;0.62;0.68;-0.21;1.0;0.51;0.67;-0.24;1.0;0.59;0.74;-0.56;1.0;0.54;0.74;-0.56;1.0;0.71;0.9;-0.15;1.0;0.41;0.89;-0.15;1.0;0.89;0.78;-0.61;0.99;0.23;0.72;-0.54;1.0;0.78;0.48;-0.92;0.99;0.27;0.38;-0.82;0.99;0.75;0.39;-1.04;0.96;0.27;0.27;-0.95;0.96;0.73;0.37;-0.97;0.96;0.29;0.26;-0.88;0.96;0.73;0.4;-0.92;0.95;0.3;0.3;-0.82;0.95;0.65;1.55;-0.04;0.03;0.44;1.56;0.04;0.02;0.63;2.1;-0.26;0.03;0.44;2.08;-0.19;0.01;0.64;2.6;0.08;0.0;0.44;2.61;-0.12;0.0;0.63;2.67;0.09;0.0;0.45;2.69;-0.14;0.0;0.63;2.74;-0.42;0.0;0.46;2.75;-0.66;0.0
0.57;0.69;-0.69;1.0;0.59;0.65;-0.6;1.0;0.6;0.65;-0.6;1.0;0.61;0.65;-0.6;1.0;0.55;0.65;-0.61;1.0;0.54;0.65;-0.61;1.0;0.53;0.65;-0.61;1.0;0.62;0.68;-0.21;1.0;0.51;0.67;-0.24;1.0;0.59;0.74;-0.57;1.0;0.54;0.74;-0.57;1.0;0.71;0.9;-0.15;1.0;0.41;0.88;-0.15;1.0;0.89;0.79;-0.61;0.99;0.23;0.72;-0.53;1.0;0.78;0.48;-0.92;0.99;0.27;0.37;-0.81;0.99;0.75;0.4;-1.04;0.96;0.27;0.27;-0.94;0.96;0.73;0.38;-0.97;0.96;0.29;0.25;-0.87;0.96;0.73;0.41;-0.91;0.95;0.3;0.29;-0.81;0.96;0.65;1.55;-0.04;0.03;0.44;1.55;0.04;0.02;0.63;2.1;-0.25;0.03;0.44;2.07;-0.18;0.01;0.64;2.59;0.1;0.0;0.44;2.61;-0.11;0.0;0.64;2.67;0.11;0.0;0.45;2.69;-0.13;0.0;0.63;2.73;-0.4;0.0;0.46;2.75;-0.64;0.0
0.57;0.68;-0.7;1.0;0.59;0.65;-0.6;1.0;0.6;0.65;-0.6;1.0;0.61;0.65;-0.6;1.0;0.55;0.65;-0.61;1.0;0.54;0.65;-0.61;1.0;0.53;0.65;-0.61;1.0;0.62;0.68;-0.21;1.0;0.51;0.67;-0.24;1.0;0.59;0.74;-0.57;1.0;0.54;0.74;-0.58;1.0;0.71;0.9;-0.15;1.0;0.41;0.88;-0.15;1.0;0.89;0.79;-0.61;0.99;0.23;0.72;-0.5;1.0;0.78;0.48;-0.92;0.99;0.27;0.37;-0.77;0.99;0.75;0.4;-1.04;0.96;0.27;0.27;-0.9;0.96;0.73;0.38;-0.96;0.96;0.29;0.25;-0.83;0.96;0.73;0.41;-0.91;0.95;0.3;0.29;-0.77;0.96;0.65;1.54;-0.04;0.02;0.44;1.55;0.04;0.02;0.63;2.09;-0.26;0.03;0.44;2.07;-0.18;0.01;0.64;2.59;0.1;0.0;0.44;2.6;-0.09;0.0;0.64;2.67;0.11;0.0;0.45;2.68;-0.11;0.0;0.63;2.73;-0.4;0.0;0.46;2.74;-0.63;0.0
0.57;0.68;-0.69;1.0;0.59;0.65;-0.59;1.0;0.6;0.65;-0.59;1.0;0.61;0.65;-0.59;1.0;0.55;0.65;-0.6;1.0;0.54;0.65;-0.6;1.0;0.53;0.65;-0.6;1.0;0.62;0.68;-0.21;1.0;0.51;0.67;-0.23;1.0;0.59;0.74;-0.56;1.0;0.54;0.74;-0.57;1.0;0.71;0.9;-0.14;1.0;0.41;0.88;-0.16;1.0;0.9;0.79;-0.61;0.99;0.23;0.72;-0.58;1.0;0.79;0.48;-0.92;0.99;0.27;0.37;-0.88;0.99;0.76;0.4;-1.04;0.96;0.27;0.27;-1.02;0.96;0.73;0.38;-0.96;0.96;0.29;0.25;-0.95;0.97;0.73;0.41;-0.91;0.96;0.3;0.29;-0.88;0.96;0.65;1.54;-0.04;0.03;0.44;1.55;0.04;0.02;0.64;2.1;-0.25;0.03;0.44;2.08;-0.24;0.01;0.64;2.6;0.09;0.0;0.44;2.61;-0.16;0.0;0.64;2.68;0.1;0.0;0.45;2.69;-0.17;0.0;0.63;2.75;-0.4;0.0;0.46;2.75;-0.73;0.0
0.57;0.68;-0.68;1.0;0.59;0.64;-0.59;1.0;0.6;0.65;-0.59;1.0;0.61;0.65;-0.59;1.0;0.55;0.64;-0.6;1.0;0.54;0.64;-0.6;1.0;0.53;0.64;-0.6;1.0;0.62;0.68;-0.2;1.0;0.51;0.67;-0.23;1.0;0.59;0.73;-0.55;1.0;0.54;0.73;-0.56;1.0;0.71;0.9;-0.13;1.0;0.41;0.88;-0.16;1.0;0.9;0.79;-0.59;0.99;0.23;0.72;-0.58;1.0;0.79;0.48;-0.9;0.99;0.27;0.37;-0.89;0.99;0.76;0.4;-1.02;0.96;0.27;0.27;-1.03;0.96;0.73;0.38;-0.94;0.96;0.29;0.25;-0.95;0.97;0.73;0.41;-0.89;0.96;0.3;0.29;-0.88;0.96;0.65;1.54;-0.04;0.03;0.44;1.55;0.04;0.02;0.64;2.11;-0.25;0.03;0.45;2.09;-0.24;0.01;0.64;2.61;0.09;0.0;0.44;2.62;-0.15;0.0;0.64;2.68;0.09;0.0;0.45;2.7;-0.16;0.0;0.63;2.75;-0.41;0.0;0.46;2.76;-0.72;0.0
0.57;0.68;-0.68;1.0;0.59;0.64;-0.59;1.0;0.6;0.64;-0.59;1.0;0.61;0.65;-0.59;1.0;0.55;0.64;-0.6;1.0;0.54;0.64;-0.6;1.0;0.53;0.64;-0.6;1.0;0.62;0.68;-0.2;1.0;0.51;0.67;-0.23;1.0;0.59;0.73;-0.55;1.0;0.55;0.73;-0.56;1.0;0.71;0.9;-0.13;1.0;0.41;0.88;-0.16;1.0;0.9;0.79;-0.59;0.99;0.23;0.72;-0.57;1.0;0.79;0.48;-0.89;0.99;0.27;0.37;-0.87;0.99;0.76;0.4;-1.01;0.96;0.27;0.27;-1.02;0.96;0.73;0.38;-0.93;0.96;0.29;0.25;-0.94;0.97;0.73;0.41;-0.88;0.96;0.3;0.29;-0.87;0.96;0.65;1.54;-0.04;0.03;0.44;1.55;0.04;0.02;0.64;2.11;-0.25;0.03;0.45;2.09;-0.24;0.01;0.64;2.61;0.08;0.0;0.44;2.62;-0.15;0.0;0.64;2.68;0.09;0.0;0.45;2.7;-0.16;0.0;0.63;2.75;-0.41;0.0;0.46;2.76;-0.72;0.0
0.57;0.68;-0.67;1.0;0.59;0.64;-0.59;1.0;0.6;0.64;-0.59;1.0;0.61;0.65;-0.59;1.0;0.55;0.64;-0.59;1.0;0.54;0.64;-0.59;1.0;0.53;0.64;-0.59;1.0;0.62;0.68;-0.21;1.0;0.51;0.67;-0.21;1.0;0.59;0.73;-0.55;1.0;0.55;0.73;-0.55;1.0;0.71;0.9;-0.13;1.0;0.41;0.88;-0.08;1.0;0.91;0.79;-0.54;0.99;0.23;0.72;-0.29;1.0;0.82;0.48;-0.83;0.99;0.28;0.39;-0.47;0.99;0.8;0.4;-0.95;0.96;0.27;0.29;-0.59;0.96;0.77;0.38;-0.89;0.96;0.29;0.28;-0.52;0.97;0.77;0.41;-0.83;0.96;0.3;0.32;-0.47;0.96;0.66;1.55;-0.04;0.02;0.45;1.56;0.04;0.02;0.65;2.11;-0.27;0.03;0.46;2.09;-0.19;0.01;0.65;2.61;0.07;0.0;0.47;2.62;-0.11;0.0;0.65;2.68;0.08;0.0;0.47;2.7;-0.12;0.0;0.64;2.75;-0.43;0.0;0.49;2.76;-0.67;0.0
0.57;0.68;-0.67;1.0;0.59;0.64;-0.59;1.0;0.6;0.64;-0.59;1.0;0.61;0.65;-0.59;1.0;0.55;0.64;-0.59;1.0;0.54;0.64;-0.59;1.0;0.53;0.64;-0.59;1.0;0.62;0.68;-0.21;1.0;0.51;0.67;-0.21;1.0;0.59;0.73;-0.55;1.0;0.55;0.73;-0.55;1.0;0.71;0.9;-0.13;1.0;0.41;0.88;-0.08;1.0;0.91;0.79;-0.53;0.99;0.23;0.73;-0.3;1.0;0.83;0.48;-0.82;0.99;0.28;0.4;-0.49;0.99;0.81;0.39;-0.94;0.96;0.28;0.3;-0.61;0.96;0.78;0.38;-0.88;0.96;0.3;0.29;-0.54;0.97;0.78;0.41;-0.82;0.96;0.31;0.33;-0.49;0.96;0.66;1.55;-0.04;0.02;0.46;1.56;0.05;0.02;0.65;2.11;-0.28;0.03;0.47;2.09;-0.19;0.01;0.66;2.61;0.07;0.0;0.48;2.62;-0.1;0.0;0.66;2.68;0.07;0.0;0.48;2.7;-0.12;0.0;0.65;2.75;-0.43;0.0;0.5;2.76;-0.66;0.0
0.57;0.68;-0.67;1.0;0.59;0.64;-0.59;1.0;0.6;0.64;-0.59;1.0;0.61;0.65;-0.59;1.0;0.55;0.64;-0.59;1.0;0.54;0.64;-0.59;1.0;0.53;0.64;-0.59;1.0;0.62;0.68;-0.22;1.0;0.51;0.67;-0.21;1.0;0.59;0.73;-0.55;1.0;0.55;0.74;-0.54;1.0;0.71;0.9;-0.13;1.0;0.41;0.88;-0.08;1.0;0.91;0.79;-0.54;0.99;0.23;0.73;-0.3;1.0;0.83;0.48;-0.83;0.99;0.28;0.41;-0.5;0.99;0.82;0.39;-0.95;0.96;0.28;0.3;-0.61;0.96;0.78;0.38;-0.89;0.96;0.3;0.29;-0.54;0.97;0.78;0.41;-0.83;0.96;0.31;0.34;-0.49;0.96;0.66;1.55;-0.04;0.02;0.46;1.56;0.05;0.02;0.65;2.11;-0.29;0.03;0.47;2.09;-0.19;0.01;0.67;2.61;0.05;0.0;0.48;2.62;-0.1;0.0;0.66;2.68;0.06;0.0;0.49;2.7;-0.12;0.0;0.66;2.75;-0.45;0.0;0.5;2.76;-0.66;0.0
0.57;0.68;-0.65;1.0;0.59;0.64;-0.57;1.0;0.6;0.64;-0.57;1.0;0.61;0.65;-0.57;1.0;0.55;0.64;-0.57;1.0;0.54;0.64;-0.57;1.0;0.53;0.64;-0.57;1.0;0.62;0.68;-0.22;1.0;0.51;0.67;-0.19;1.0;0.59;0.73;-0.53;1.0;0.55;0.74;-0.52;1.0;0.71;0.9;-0.13;1.0;0.41;0.88;-0.04;1.0;0.91;0.78;-0.52;0.99;0.21;0.75;-0.25;1.0;0.84;0.46;-0.78;0.99;0.3;0.43;-0.46;0.99;0.84;0.38;-0.9;0.96;0.31;0.34;-0.58;0.96;0.81;0.36;-0.86;0.97;0.34;0.33;-0.5;0.96;0.8;0.4;-0.79;0.96;0.34;0.37;-0.45;0.96;0.66;1.55;-0.05;0.02;0.46;1.56;0.05;0.02;0.66;2.11;-0.28;0.03;0.47;2.09;-0.16;0.01;0.67;2.61;0.07;0.0;0.49;2.62;-0.06;0.0;0.67;2.68;0.08;0.0;0.49;2.7;-0.07;0.0;0.66;2.75;-0.42;0.0;0.51;2.76;-0.61;0.0
0.57;0.68;-0.65;1.0;0.59;0.64;-0.57;1.0;0.6;0.64;-0.57;1.0;0.61;0.65;-0.57;1.0;0.55;0.64;-0.56;1.0;0.54;0.64;-0.56;1.0;0.53;0.64;-0.56;1.0;0.62;0.68;-0.22;1.0;0.51;0.67;-0.18;1.0;0.59;0.74;-0.53;1.0;0.55;0.74;-0.52;1.0;0.71;0.9;-0.13;1.0;0.41;0.88;-0.03;1.0;0.91;0.77;-0.53;0.99;0.21;0.75;-0.26;1.0;0.85;0.46;-0.79;0.99;0.31;0.44;-0.5;0.99;0.85;0.37;-0.91;0.96;0.32;0.35;-0.62;0.96;0.82;0.35;-0.86;0.97;0.35;0.35;-0.54;0.96;0.81;0.39;-0.8;0.96;0.35;0.38;-0.49;0.96;0.66;1.55;-0.05;0.02;0.46;1.56;0.05;0.02;0.66;2.11;-0.28;0.03;0.47;2.09;-0.16;0.01;0.67;2.61;0.08;0.0;0.49;2.62;-0.06;0.0;0.67;2.68;0.08;0.0;0.49;2.7;-0.07;0.0;0.66;2.75;-0.42;0.0;0.51;2.77;-0.61;0.0
0.57;0.68;-0.65;1.0;0.59;0.64;-0.57;1.0;0.6;0.64;-0.57;1.0;0.61;0.65;-0.57;1.0;0.55;0.64;-0.57;1.0;0.54;0.64;-0.57;1.0;0.53;0.64;-0.57;1.0;0.62;0.68;-0.22;1.0;0.51;0.67;-0.18;1.0;0.59;0.74;-0.53;1.0;0.55;0.74;-0.52;1.0;0.71;0.9;-0.14;1.0;0.41;0.88;-0.03;0.99;0.91;0.77;-0.53;0.99;0.21;0.76;-0.26;1.0;0.85;0.45;-0.8;0.99;0.31;0.45;-0.51;0.99;0.85;0.36;-0.92;0.96;0.32;0.35;-0.63;0.95;0.82;0.35;-0.87;0.97;0.35;0.35;-0.55;0.96;0.81;0.39;-0.8;0.96;0.35;0.38;-0.51;0.95;0.66;1.55;-0.05;0.02;0.46;1.56;0.06;0.02;0.66;2.11;-0.28;0.03;0.47;2.09;-0.16;0.01;0.67;2.61;0.07;0.0;0.49;2.62;-0.06;0.0;0.67;2.68;0.08;0.0;0.49;2.7;-0.07;0.0;0.66;2.75;-0.42;0.0;0.51;2.77;-0.61;0.0
0.57;0.69;-0.7;1.0;0.59;0.64;-0.63;1.0;0.6;0.65;-0.63;1.0;0.61;0.65;-0.63;1.0;0.55;0.65;-0.62;1.0;0.54;0.65;-0.62;1.0;0.53;0.65;-0.62;1.0;0.62;0.68;-0.29;1.0;0.51;0.67;-0.24;1.0;0.59;0.74;-0.59;1.0;0.55;0.74;-0.57;1.0;0.71;0.89;-0.23;1.0;0.41;0.88;-0.11;1.0;0.91;0.75;-0.69;0.99;0.2;0.78;-0.66;1.0;0.85;0.45;-0.96;0.99;0.32;0.47;-1.21;0.99;0.85;0.35;-1.09;0.97;0.34;0.39;-1.37;0.95;0.82;0.34;-1.03;0.97;0.37;0.39;-1.27;0.96;0.81;0.38;-0.96;0.96;0.37;0.42;-1.2;0.95;0.67;1.56;-0.06;0.02;0.46;1.56;0.06;0.02;0.66;2.11;-0.29;0.03;0.47;2.1;-0.13;0.01;0.67;2.62;0.03;0.0;0.49;2.62;-0.06;0.0;0.67;2.69;0.03;0.0;0.49;2.7;-0.07;0.0;0.66;2.76;-0.47;0.0;0.5;2.77;-0.59;0.0
0.57;0.69;-0.7;1.0;0.59;0.65;-0.63;1.0;0.6;0.65;-0.63;1.0;0.61;0.65;-0.63;1.0;0.55;0.65;-0.62;1.0;0.54;0.65;-0.62;1.0;0.53;0.65;-0.62;1.0;0.62;0.68;-0.3;1.0;0.51;0.67;-0.24;1.0;0.59;0.74;-0.59;1.0;0.55;0.74;-0.58;1.0;0.71;0.89;-0.23;1.0;0.41;0.88;-0.12;1.0;0.91;0.74;-0.68;0.99;0.2;0.78;-0.64;1.0;0.85;0.44;-0.94;0.99;0.32;0.49;-1.17;0.99;0.85;0.35;-1.06;0.97;0.34;0.41;-1.33;0.96;0.82;0.34;-1.0;0.97;0.37;0.4;-1.22;0.96;0.81;0.38;-0.94;0.96;0.37;0.43;-1.16;0.96;0.67;1.56;-0.06;0.02;0.46;1.56;0.06;0.02;0.66;2.12;-0.29;0.03;0.47;2.1;-0.11;0.01;0.67;2.62;0.03;0.0;0.49;2.63;-0.05;0.0;0.67;2.69;0.03;0.0;0.49;2.7;-0.06;0.0;0.65;2.76;-0.46;0.0;0.5;2.77;-0.58;0.0
0.57;0.69;-0.7;1.0;0.59;0.65;-0.63;1.0;0.6;0.65;-0.63;1.0;0.61;0.65;-0.63;1.0;0.55;0.65;-0.62;1.0;0.54;0.65;-0.62;1.0;0.53;0.65;-0.62;1.0;0.62;0.68;-0.29;1.0;0.51;0.67;-0.24;1.0;0.59;0.74;-0.59;1.0;0.55;0.74;-0.57;1.0;0.71;0.89;-0.22;1.0;0.41;0.88;-0.12;1.0;0.91;0.74;-0.66;0.99;0.2;0.78;-0.63;1.0;0.85;0.44;-0.92;0.99;0.32;0.49;-1.15;0.99;0.85;0.34;-1.04;0.97;0.34;0.41;-1.3;0.96;0.82;0.34;-0.99;0.97;0.37;0.41;-1.2;0.96;0.81;0.37;-0.92;0.96;0.37;0.44;-1.14;0.96;0.67;1.56;-0.06;0.02;0.46;1.56;0.06;0.02;0.66;2.12;-0.29;0.03;0.47;2.11;-0.11;0.01;0.67;2.62;0.03;0.0;0.49;2.63;-0.04;0.0;0.67;2.69;0.04;0.0;0.49;2.7;-0.05;0.0;0.65;2.76;-0.46;0.0;0.5;2.77;-0.57;0.0
0.57;0.69;-0.73;1.0;0.59;0.65;-0.66;1.0;0.6;0.65;-0.66;1.0;0.61;0.65;-0.66;1.0;0.55;0.65;-0.65;1.0;0.54;0.65;-0.65;1.0;0.53;0.65;-0.65;1.0;0.62;0.68;-0.32;1.0;0.51;0.67;-0.27;1.0;0.59;0.74;-0.61;1.0;0.55;0.74;-0.6;1.0;0.71;0.89;-0.25;1.0;0.41;0.89;-0.14;1.0;0.91;0.73;-0.73;0.99;0.2;0.78;-0.66;1.0;0.85;0.42;-1.0;0.99;0.33;0.49;-1.17;0.99;0.85;0.32;-1.13;0.97;0.36;0.41;-1.33;0.96;0.82;0.31;-1.07;0.97;0.38;0.41;-1.22;0.96;0.81;0.35;-1.0;0.96;0.39;0.43;-1.17;0.96;0.67;1.56;-0.06;0.02;0.46;1.56;0.06;0.02;0.66;2.12;-0.3;0.03;0.47;2.1;-0.11;0.01;0.67;2.62;0.02;0.0;0.48;2.63;-0.05;0.0;0.67;2.69;0.02;0.0;0.48;2.7;-0.06;0.0;0.64;2.76;-0.47;0.0;0.49;2.77;-0.57;0.0
0.57;0.7;-0.73;1.0;0.59;0.65;-0.67;1.0;0.6;0.65;-0.67;1.0;0.61;0.65;-0.67;1.0;0.55;0.65;-0.66;1.0;0.54;0.65;-0.66;1.0;0.53;0.66;-0.66;1.0;0.62;0.68;-0.33;1.0;0.51;0.67;-0.27;1.0;0.59;0.74;-0.61;1.0;0.55;0.75;-0.6;1.0;0.71;0.89;-0.25;1.0;0.41;0.89;-0.14;1.0;0.9;0.73;-0.73;0.99;0.2;0.78;-0.64;1.0;0.85;0.41;-1.0;0.99;0.34;0.49;-1.15;0.99;0.85;0.31;-1.13;0.97;0.36;0.41;-1.3;0.96;0.82;0.3;-1.07;0.97;0.39;0.41;-1.19;0.96;0.81;0.34;-1.0;0.97;0.39;0.43;-1.14;0.95;0.67;1.56;-0.06;0.02;0.46;1.57;0.06;0.02;0.66;2.12;-0.31;0.02;0.47;2.1;-0.11;0.01;0.67;2.62;0.01;0.0;0.47;2.63;-0.05;0.0;0.67;2.69;0.02;0.0;0.48;2.7;-0.07;0.0;0.64;2.76;-0.48;0.0;0.48;2.77;-0.57;0.0
0.57;0.7;-0.74;1.0;0.59;0.65;-0.67;1.0;0.6;0.65;-0.67;1.0;0.61;0.65;-0.67;1.0;0.55;0.66;-0.66;1.0;0.54;0.66;-0.66;1.0;0.53;0.66;-0.66;1.0;0.62;0.68;-0.33;1.0;0.51;0.67;-0.27;1.0;0.59;0.75;-0.62;1.0;0.55;0.75;-0.6;1.0;0.71;0.89;-0.26;1.0;0.41;0.89;-0.14;1.0;0.9;0.73;-0.73;0.99;0.2;0.78;-0.64;1.0;0.85;0.41;-1.0;0.99;0.34;0.49;-1.14;0.99;0.85;0.31;-1.12;0.97;0.36;0.41;-1.29;0.96;0.82;0.3;-1.07;0.97;0.39;0.41;-1.18;0.96;0.81;0.33;-1.0;0.97;0.39;0.43;-1.13;0.95;0.67;1.56;-0.06;0.02;0.46;1.57;0.06;0.02;0.66;2.12;-0.31;0.02;0.47;2.1;-0.12;0.01;0.66;2.62;0.01;0.0;0.47;2.63;-0.06;0.0;0.67;2.69;0.02;0.0;0.47;2.7;-0.07;0.0;0.64;2.76;-0.48;0.0;0.48;2.77;-0.58;0.0
0.57;0.7;-0.71;1.0;0.59;0.65;-0.63;1.0;0.6;0.65;-0.63;1.0;0.61;0.65;-0.63;1.0;0.55;0.66;-0.62;1.0;0.54;0.66;-0.62;1.0;0.53;0.66;-0.62;1.0;0.62;0.68;-0.27;1.0;0.51;0.67;-0.24;1.0;0.59;0.75;-0.58;1.0;0.55;0.75;-0.57;1.0;0.71;0.89;-0.21;1.0;0.41;0.89;-0.12;1.0;0.9;0.73;-0.63;0.99;0.2;0.77;-0.52;1.0;0.83;0.4;-0.86;0.99;0.34;0.47;-0.87;0.99;0.83;0.3;-0.98;0.97;0.36;0.4;-1.01;0.95;0.8;0.29;-0.92;0.97;0.39;0.4;-0.91;0.96;0.79;0.33;-0.86;0.97;0.39;0.43;-0.86;0.95;0.67;1.56;-0.06;0.02;0.46;1.57;0.06;0.02;0.66;2.08;-0.32;0.02;0.46;2.06;-0.15;0.01;0.66;2.58;0.0;0.0;0.47;2.6;-0.09;0.0;0.66;2.65;0.01;0.0;0.47;2.68;-0.11;0.0;0.64;2.72;-0.48;0.0;0.48;2.74;-0.61;0.0
0.57;0.7;-0.69;1.0;0.59;0.65;-0.61;1.0;0.6;0.65;-0.61;1.0;0.61;0.65;-0.61;1.0;0.55;0.66;-0.61;1.0;0.54;0.66;-0.61;1.0;0.53;0.66;-0.61;1.0;0.62;0.68;-0.26;1.0;0.51;0.67;-0.23;1.0;0.59;0.75;-0.57;1.0;0.55;0.75;-0.56;1.0;0.71;0.89;-0.19;1.0;0.41;0.89;-0.1;1.0;0.9;0.73;-0.61;0.99;0.21;0.77;-0.49;1.0;0.82;0.4;-0.83;0.99;0.34;0.47;-0.83;0.99;0.83;0.29;-0.95;0.97;0.36;0.39;-0.97;0.95;0.8;0.28;-0.9;0.97;0.38;0.4;-0.87;0.96;0.79;0.32;-0.83;0.97;0.39;0.43;-0.82;0.95;0.67;1.56;-0.05;0.02;0.46;1.57;0.06;0.02;0.65;2.07;-0.32;0.02;0.46;2.05;-0.15;0.01;0.66;2.56;0.01;0.0;0.47;2.59;-0.09;0.0;0.66;2.64;0.01;0.0;0.47;2.67;-0.11;0.0;0.64;2.71;-0.48;0.0;0.48;2.73;-0.61;0.0
0.57;0.7;-0.69;1.0;0.59;0.65;-0.61;1.0;0.6;0.65;-0.61;1.0;0.61;0.65;-0.6;1.0;0.55;0.66;-0.6;1.0;0.54;0.66;-0.6;1.0;0.53;0.66;-0.6;1.0;0.62;0.68;-0.25;1.0;0.5;0.67;-0.22;1.0;0.59;0.75;-0.56;1.0;0.55;0.75;-0.56;1.0;0.71;0.89;-0.18;1.0;0.41;0.89;-0.1;1.0;0.9;0.73;-0.6;0.99;0.21;0.77;-0.48;1.0;0.82;0.4;-0.82;0.99;0.33;0.46;-0.82;0.99;0.82;0.29;-0.94;0.97;0.35;0.39;-0.96;0.95;0.79;0.28;-0.89;0.97;0.38;0.4;-0.87;0.95;0.78;0.32;-0.82;0.97;0.38;0.42;-0.82;0.94;0.66;1.56;-0.05;0.02;0.46;1.57;0.06;0.02;0.65;2.06;-0.32;0.02;0.46;2.05;-0.15;0.01;0.66;2.56;0.01;0.0;0.47;2.58;-0.09;0.0;0.66;2.64;0.01;0.0;0.47;2.66;-0.1;0.0;0.64;2.7;-0.47;0.0;0.48;2.73;-0.61;0.0
0.57;0.7;-0.68;1.0;0.59;0.65;-0.59;1.0;0.6;0.65;-0.59;1.0;0.61;0.65;-0.59;1.0;0.55;0.65;-0.59;1.0;0.54;0.66;-0.59;1.0;0.53;0.66;-0.59;1.0;0.62;0.68;-0.23;1.0;0.5;0.67;-0.21;1.0;0.59;0.74;-0.55;1.0;0.55;0.75;-0.55;1.0;0.71;0.89;-0.15;1.0;0.41;0.89;-0.07;1.0;0.9;0.72;-0.54;0.99;0.21;0.77;-0.32;1.0;0.82;0.4;-0.77;0.99;0.29;0.45;-0.54;0.99;0.82;0.29;-0.89;0.97;0.31;0.37;-0.67;0.94;0.79;0.28;-0.83;0.97;0.34;0.37;-0.59;0.95;0.78;0.32;-0.77;0.97;0.34;0.4;-0.54;0.94;0.66;1.56;-0.05;0.02;0.46;1.57;0.06;0.02;0.65;2.06;-0.3;0.02;0.46;2.05;-0.15;0.01;0.66;2.56;0.06;0.0;0.47;2.59;-0.06;0.0;0.66;2.64;0.06;0.0;0.47;2.67;-0.07;0.0;0.64;2.71;-0.44;0.0;0.47;2.73;-0.6;0.0
0.57;0.7;-0.67;1.0;0.59;0.65;-0.59;1.0;0.6;0.65;-0.59;1.0;0.61;0.65;-0.59;1.0;0.55;0.65;-0.59;1.0;0.54;0.65;-0.59;1.0;0.53;0.66;-0.59;1.0;0.62;0.68;-0.22;1.0;0.5;0.67;-0.2;1.0;0.59;0.74;-0.55;1.0;0.55;0.75;-0.54;1.0;0.71;0.89;-0.14;1.0;0.41;0.89;-0.07;1.0;0.9;0.72;-0.53;0.99;0.2;0.77;-0.3;1.0;0.82;0.4;-0.76;0.99;0.28;0.44;-0.52;0.99;0.81;0.29;-0.88;0.97;0.3;0.36;-0.65;0.94;0.79;0.29;-0.82;0.97;0.33;0.36;-0.57;0.95;0.78;0.33;-0.76;0.97;0.33;0.39;-0.52;0.94;0.66;1.56;-0.05;0.02;0.46;1.57;0.06;0.02;0.65;2.07;-0.3;0.02;0.46;2.05;-0.15;0.01;0.66;2.57;0.07;0.0;0.46;2.59;-0.04;0.0;0.66;2.64;0.08;0.0;0.47;2.67;-0.06;0.0;0.64;2.71;-0.42;0.0;0.47;2.73;-0.59;0.0
0.57;0.7;-0.67;1.0;0.58;0.65;-0.59;1.0;0.6;0.65;-0.59;1.0;0.61;0.65;-0.58;1.0;0.55;0.65;-0.58;1.0;0.54;0.65;-0.58;1.0;0.53;0.65;-0.58;1.0;0.62;0.68;-0.22;1.0;0.5;0.67;-0.2;1.0;0.59;0.74;-0.55;1.0;0.55;0.75;-0.54;1.0;0.71;0.89;-0.14;1.0;0.41;0.89;-0.06;0.99;0.9;0.72;-0.53;0.99;0.2;0.77;-0.3;1.0;0.82;0.4;-0.76;0.99;0.28;0.44;-0.52;0.98;0.81;0.29;-0.88;0.97;0.29;0.36;-0.65;0.94;0.78;0.29;-0.82;0.97;0.32;0.35;-0.57;0.95;0.78;0.33;-0.76;0.96;0.32;0.39;-0.52;0.94;0.66;1.56;-0.06;0.02;0.46;1.57;0.06;0.01;0.65;2.07;-0.29;0.02;0.46;2.05;-0.15;0.01;0.66;2.57;0.07;0.0;0.46;2.59;-0.04;0.0;0.66;2.64;0.08;0.0;0.47;2.67;-0.05;0.0;0.64;2.71;-0.42;0.0;0.47;2.74;-0.59;0.0
0.57;0.7;-0.69;1.0;0.58;0.65;-0.61;1.0;0.6;0.65;-0.61;1.0;0.61;0.65;-0.6;1.0;0.55;0.65;-0.6;1.0;0.54;0.65;-0.6;1.0;0.53;0.65;-0.6;1.0;0.62;0.68;-0.25;1.0;0.51;0.67;-0.21;1.0;0.59;0.75;-0.57;1.0;0.55;0.75;-0.56;1.0;0.71;0.89;-0.17;0.99;0.41;0.89;-0.07;0.99;0.9;0.72;-0.55;0.99;0.2;0.77;-0.27;1.0;0.82;0.39;-0.78;0.99;0.24;0.44;-0.47;0.98;0.81;0.29;-0.92;0.97;0.24;0.34;-0.6;0.94;0.78;0.28;-0.88;0.97;0.26;0.32;-0.54;0.94;0.78;0.32;-0.8;0.96;0.27;0.36;-0.48;0.94;0.66;1.56;-0.06;0.02;0.46;1.57;0.06;0.01;0.66;2.05;-0.27;0.02;0.46;2.04;-0.09;0.01;0.67;2.55;0.15;0.0;0.47;2.57;0.07;0.0;0.67;2.62;0.16;0.0;0.47;2.65;0.06;0.0;0.66;2.69;-0.33;0.0;0.48;2.72;-0.46;0.0
0.57;0.7;-0.7;1.0;0.58;0.65;-0.61;1.0;0.6;0.65;-0.61;1.0;0.61;0.65;-0.61;1.0;0.55;0.65;-0.61;1.0;0.54;0.65;-0.61;1.0;0.53;0.65;-0.61;1.0;0.62;0.68;-0.26;1.0;0.51;0.67;-0.21;1.0;0.59;0.75;-0.58;1.0;0.55;0.75;-0.57;1.0;0.71;0.89;-0.18;0.99;0.41;0.89;-0.07;0.99;0.9;0.72;-0.56;0.99;0.2;0.77;-0.26;1.0;0.82;0.39;-0.79;0.99;0.23;0.44;-0.47;0.98;0.81;0.28;-0.93;0.97;0.22;0.34;-0.59;0.93;0.78;0.28;-0.9;0.97;0.25;0.31;-0.53;0.94;0.78;0.32;-0.82;0.96;0.26;0.35;-0.47;0.93;0.66;1.56;-0.06;0.02;0.46;1.57;0.06;0.01;0.66;2.05;-0.26;0.02;0.46;2.04;-0.07;0.01;0.68;2.54;0.16;0.0;0.47;2.57;0.08;0.0;0.68;2.62;0.17;0.0;0.47;2.64;0.08;0.0;0.67;2.68;-0.32;0.0;0.49;2.71;-0.44;0.0
0.57;0.7;-0.7;1.0;0.58;0.65;-0.62;1.0;0.6;0.65;-0.62;1.0;0.61;0.65;-0.62;1.0;0.55;0.65;-0.61;1.0;0.54;0.65;-0.61;1.0;0.53;0.65;-0.61;1.0;0.62;0.68;-0.26;1.0;0.51;0.67;-0.22;1.0;0.59;0.75;-0.58;1.0;0.55;0.75;-0.57;1.0;0.71;0.89;-0.19;0.99;0.41;0.89;-0.07;0.99;0.9;0.71;-0.56;0.99;0.2;0.77;-0.26;1.0;0.82;0.39;-0.8;0.99;0.23;0.44;-0.47;0.98;0.81;0.28;-0.94;0.97;0.22;0.33;-0.59;0.93;0.78;0.28;-0.91;0.97;0.25;0.31;-0.53;0.94;0.78;0.32;-0.82;0.96;0.26;0.34;-0.47;0.93;0.66;1.56;-0.06;0.02;0.46;1.57;0.06;0.01;0.66;2.05;-0.26;0.02;0.46;2.04;-0.07;0.01;0.68;2.54;0.16;0.0;0.47;2.56;0.08;0.0;0.68;2.61;0.18;0.0;0.47;2.64;0.08;0.0;0.67;2.68;-0.31;0.0;0.49;2.71;-0.44;0.0
0.57;0.7;-0.78;1.0;0.58;0.65;-0.7;1.0;0.6;0.65;-0.7;1.0;0.61;0.65;-0.7;1.0;0.55;0.65;-0.69;1.0;0.54;0.65;-0.69;1.0;0.53;0.65;-0.7;1.0;0.62;0.68;-0.34;1.0;0.51;0.67;-0.3;1.0;0.59;0.75;-0.66;1.0;0.55;0.75;-0.65;1.0;0.71;0.88;-0.26;0.99;0.41;0.89;-0.12;0.99;0.9;0.71;-0.62;0.99;0.2;0.79;-0.28;1.0;0.82;0.38;-0.91;0.99;0.2;0.44;-0.51;0.98;0.81;0.27;-1.04;0.97;0.18;0.33;-0.64;0.93;0.79;0.27;-1.01;0.97;0.21;0.31;-0.59;0.94;0.78;0.3;-0.93;0.96;0.23;0.35;-0.52;0.93;0.66;1.56;-0.06;0.02;0.46;1.57;0.07;0.01;0.66;2.02;-0.26;0.02;0.45;2.02;-0.06;0.01;0.68;2.51;0.17;0.0;0.46;2.54;0.12;0.0;0.68;2.58;0.19;0.0;0.47;2.62;0.11;0.0;0.67;2.66;-0.29;0.0;0.48;2.69;-0.4;0.0
0.57;0.69;-0.79;1.0;0.58;0.65;-0.71;1.0;0.6;0.65;-0.71;1.0;0.61;0.65;-0.71;1.0;0.55;0.65;-0.71;1.0;0.54;0.65;-0.71;1.0;0.53;0.65;-0.71;1.0;0.62;0.68;-0.35;1.0;0.51;0.67;-0.32;1.0;0.59;0.75;-0.67;1.0;0.55;0.75;-0.66;1.0;0.71;0.88;-0.27;0.99;0.41;0.89;-0.13;0.99;0.9;0.7;-0.64;0.99;0.19;0.8;-0.28;1.0;0.82;0.37;-0.93;0.99;0.2;0.44;-0.52;0.98;0.82;0.27;-1.06;0.97;0.18;0.33;-0.64;0.93;0.79;0.26;-1.03;0.97;0.2;0.31;-0.6;0.94;0.78;0.3;-0.94;0.96;0.22;0.35;-0.53;0.93;0.66;1.56;-0.07;0.02;0.46;1.57;0.07;0.01;0.66;2.01;-0.26;0.02;0.45;2.0;-0.05;0.01;0.68;2.5;0.18;0.0;0.46;2.53;0.13;0.0;0.68;2.57;0.2;0.0;0.46;2.61;0.13;0.0;0.67;2.64;-0.28;0.0;0.48;2.68;-0.38;0.0
0.57;0.69;-0.79;1.0;0.58;0.65;-0.71;1.0;0.6;0.65;-0.71;1.0;0.61;0.65;-0.71;1.0;0.55;0.65;-0.7;1.0;0.54;0.65;-0.7;1.0;0.53;0.65;-0.7;1.0;0.62;0.68;-0.35;1.0;0.51;0.67;-0.31;1.0;0.59;0.75;-0.66;1.0;0.55;0.75;-0.65;1.0;0.71;0.88;-0.27;0.99;0.41;0.89;-0.12;0.99;0.9;0.7;-0.64;0.99;0.19;0.8;-0.27;1.0;0.82;0.37;-0.93;0.99;0.19;0.44;-0.51;0.98;0.82;0.27;-1.06;0.97;0.17;0.33;-0.63;0.93;0.79;0.26;-1.02;0.97;0.2;0.31;-0.59;0.94;0.78;0.3;-0.94;0.96;0.22;0.35;-0.52;0.93;0.66;1.56;-0.07;0.01;0.46;1.57;0.07;0.01;0.67;2.0;-0.26;0.02;0.45;2.0;-0.04;0.01;0.68;2.49;0.18;0.0;0.46;2.53;0.14;0.0;0.68;2.56;0.19;0.0;0.46;2.61;0.13;0.0;0.67;2.63;-0.28;0.0;0.47;2.67;-0.37;0.0
0.57;0.69;-0.8;1.0;0.59;0.65;-0.73;1.0;0.6;0.65;-0.73;1.0;0.61;0.65;-0.73;1.0;0.55;0.65;-0.72;1.0;0.54;0.65;-0.72;1.0;0.53;0.65;-0.72;1.0;0.62;0.68;-0.36;1.0;0.51;0.67;-0.32;1.0;0.59;0.75;-0.67;1.0;0.55;0.75;-0.66;1.0;0.71;0.88;-0.26;0.99;0.41;0.89;-0.12;0.99;0.9;0.69;-0.63;0.99;0.18;0.83;-0.25;1.0;0.82;0.37;-0.93;0.99;0.2;0.45;-0.5;0.98;0.82;0.26;-1.07;0.96;0.18;0.34;-0.62;0.93;0.79;0.26;-1.03;0.97;0.2;0.32;-0.58;0.94;0.78;0.3;-0.94;0.96;0.22;0.36;-0.51;0.93;0.66;1.56;-0.08;0.01;0.46;1.57;0.08;0.01;0.67;2.0;-0.27;0.02;0.45;2.0;-0.01;0.01;0.68;2.49;0.17;0.0;0.46;2.53;0.17;0.0;0.68;2.57;0.18;0.0;0.46;2.61;0.16;0.0;0.67;2.64;-0.3;0.0;0.47;2.68;-0.34;0.0
0.57;0.69;-0.82;1.0;0.59;0.65;-0.74;1.0;0.6;0.65;-0.74;1.0;0.61;0.65;-0.74;1.0;0.55;0.65;-0.73;1.0;0.54;0.65;-0.73;1.0;0.53;0.65;-0.73;1.0;0.63;0.68;-0.37;1.0;0.51;0.67;-0.33;1.0;0.59;0.75;-0.69;1.0;0.55;0.75;-0.67;1.0;0.71;0.88;-0.27;0.99;0.41;0.89;-0.12;0.99;0.9;0.69;-0.64;0.99;0.18;0.84;-0.25;1.0;0.82;0.37;-0.94;0.99;0.2;0.46;-0.5;0.98;0.82;0.26;-1.07;0.96;0.18;0.34;-0.62;0.93;0.79;0.26;-1.03;0.97;0.2;0.32;-0.58;0.94;0.78;0.29;-0.95;0.96;0.22;0.36;-0.51;0.93;0.66;1.56;-0.08;0.01;0.46;1.57;0.09;0.01;0.67;2.0;-0.28;0.02;0.45;2.0;-0.01;0.01;0.68;2.49;0.16;0.0;0.46;2.53;0.18;0.0;0.68;2.57;0.18;0.0;0.46;2.61;0.17;0.0;0.67;2.64;-0.3;0.0;0.47;2.68;-0.33;0.0
0.57;0.69;-0.82;1.0;0.59;0.65;-0.74;1.0;0.6;0.65;-0.74;1.0;0.61;0.65;-0.74;1.0;0.55;0.65;-0.73;1.0;0.54;0.65;-0.73;1.0;0.53;0.65;-0.73;1.0;0.63;0.68;-0.37;1.0;0.51;0.67;-0.33;1.0;0.59;0.75;-0.69;1.0;0.55;0.75;-0.67;1.0;0.71;0.88;-0.27;0.99;0.41;0.89;-0.12;0.99;0.9;0.69;-0.64;0.99;0.18;0.84;-0.24;1.0;0.82;0.37;-0.94;0.99;0.2;0.46;-0.5;0.98;0.82;0.26;-1.08;0.96;0.18;0.34;-0.62;0.93;0.79;0.26;-1.04;0.97;0.2;0.32;-0.57;0.94;0.78;0.29;-0.95;0.96;0.22;0.36;-0.51;0.93;0.66;1.56;-0.09;0.01;0.46;1.57;0.09;0.01;0.67;2.0;-0.29;0.02;0.45;1.99;-0.0;0.01;0.68;2.49;0.16;0.0;0.46;2.53;0.18;0.0;0.68;2.56;0.17;0.0;0.46;2.61;0.18;0.0;0.67;2.63;-0.31;0.0;0.47;2.67;-0.32;0.0
0.57;0.69;-0.81;1.0;0.59;0.65;-0.73;1.0;0.6;0.65;-0.73;1.0;0.61;0.65;-0.73;1.0;0.55;0.65;-0.72;1.0;0.54;0.65;-0.72;1.0;0.53;0.65;-0.72;1.0;0.63;0.68;-0.36;1.0;0.51;0.67;-0.32;1.0;0.59;0.75;-0.68;1.0;0.55;0.75;-0.67;1.0;0.71;0.88;-0.27;0.99;0.41;0.89;-0.12;0.99;0.9;0.69;-0.64;0.99;0.18;0.84;-0.27;1.0;0.82;0.37;-0.94;0.99;0.2;0.47;-0.6;0.98;0.82;0.26;-1.07;0.96;0.18;0.35;-0.74;0.93;0.79;0.26;-1.03;0.97;0.21;0.33;-0.69;0.94;0.78;0.29;-0.95;0.96;0.23;0.38;-0.61;0.93;0.66;1.56;-0.09;0.01;0.46;1.57;0.09;0.01;0.67;2.02;-0.26;0.02;0.45;2.01;-0.0;0.01;0.68;2.51;0.2;0.0;0.46;2.54;0.19;0.0;0.68;2.59;0.21;0.0;0.47;2.62;0.19;0.0;0.67;2.66;-0.27;0.0;0.48;2.68;-0.33;0.0
0.57;0.69;-0.8;1.0;0.59;0.65;-0.72;1.0;0.6;0.65;-0.72;1.0;0.61;0.65;-0.72;1.0;0.55;0.65;-0.72;1.0;0.54;0.65;-0.72;1.0;0.53;0.65;-0.72;1.0;0.63;0.68;-0.35;1.0;0.51;0.67;-0.32;1.0;0.59;0.75;-0.67;1.0;0.55;0.75;-0.66;1.0;0.71;0.88;-0.27;0.99;0.41;0.89;-0.12;0.99;0.9;0.69;-0.64;0.99;0.18;0.84;-0.28;1.0;0.82;0.37;-0.94;0.99;0.2;0.47;-0.62;0.98;0.82;0.26;-1.07;0.96;0.18;0.36;-0.76;0.93;0.79;0.26;-1.03;0.97;0.21;0.34;-0.7;0.94;0.78;0.29;-0.95;0.96;0.23;0.38;-0.63;0.93;0.66;1.56;-0.09;0.01;0.45;1.57;0.09;0.01;0.67;2.03;-0.25;0.02;0.45;2.02;-0.0;0.01;0.68;2.52;0.21;0.0;0.46;2.54;0.19;0.0;0.68;2.6;0.22;0.0;0.47;2.62;0.19;0.0;0.67;2.67;-0.26;0.0;0.48;2.69;-0.32;0.0
0.57;0.69;-0.8;1.0;0.59;0.65;-0.72;1.0;0.6;0.65;-0.72;1.0;0.61;0.65;-0.72;1.0;0.55;0.65;-0.72;1.0;0.54;0.65;-0.72;1.0;0.53;0.65;-0.72;1.0;0.63;0.68;-0.35;1.0;0.51;0.67;-0.32;1.0;0.59;0.75;-0.67;1.0;0.55;0.75;-0.66;1.0;0.71;0.88;-0.27;0.99;0.41;0.89;-0.12;0.99;0.9;0.69;-0.64;0.99;0.18;0.84;-0.29;1.0;0.82;0.37;-0.94;0.99;0.2;0.48;-0.62;0.98;0.82;0.26;-1.07;0.96;0.19;0.36;-0.75;0.93;0.79;0.26;-1.03;0.97;0.21;0.34;-0.7;0.94;0.78;0.3;-0.95;0.96;0.23;0.39;-0.63;0.93;0.66;1.56;-0.09;0.01;0.45;1.57;0.09;0.01;0.67;2.03;-0.24;0.02;0.45;2.03;-0.0;0.01;0.68;2.53;0.21;0.0;0.46;2.55;0.19;0.0;0.68;2.6;0.23;0.0;0.47;2.63;0.19;0.0;0.67;2.67;-0.26;0.0;0.48;2.7;-0.32;0.0
0.57;0.69;-0.76;1.0;0.59;0.65;-0.67;1.0;0.6;0.65;-0.67;1.0;0.61;0.65;-0.67;1.0;0.55;0.65;-0.67;1.0;0.54;0.65;-0.67;1.0;0.53;0.65;-0.67;1.0;0.63;0.68;-0.3;1.0;0.51;0.67;-0.27;1.0;0.59;0.75;-0.63;1.0;0.55;0.75;-0.62;1.0;0.71;0.88;-0.23;0.99;0.41;0.89;-0.09;0.99;0.9;0.7;-0.61;0.99;0.18;0.83;-0.29;1.0;0.81;0.37;-0.9;0.99;0.21;0.47;-0.6;0.98;0.81;0.27;-1.04;0.96;0.19;0.36;-0.73;0.93;0.78;0.26;-0.98;0.97;0.21;0.34;-0.67;0.94;0.77;0.3;-0.91;0.96;0.23;0.38;-0.6;0.93;0.66;1.56;-0.09;0.01;0.45;1.57;0.09;0.01;0.65;2.07;-0.25;0.02;0.45;2.05;-0.0;0.01;0.67;2.56;0.2;0.0;0.45;2.57;0.18;0.0;0.67;2.64;0.22;0.0;0.46;2.65;0.18;0.0;0.64;2.71;-0.27;0.0;0.46;2.72;-0.33;0.0
0.57;0.69;-0.74;1.0;0.59;0.65;-0.66;1.0;0.6;0.65;-0.66;1.0;0.61;0.65;-0.66;1.0;0.55;0.65;-0.66;1.0;0.54;0.65;-0.66;1.0;0.53;0.65;-0.66;1.0;0.63;0.68;-0.29;1.0;0.51;0.67;-0.26;1.0;0.59;0.75;-0.62;1.0;0.55;0.75;-0.61;1.0;0.71;0.88;-0.21;0.99;0.4;0.88;-0.09;0.99;0.9;0.71;-0.6;0.99;0.18;0.82;-0.29;1.0;0.81;0.38;-0.88;0.99;0.21;0.47;-0.59;0.98;0.8;0.27;-1.02;0.96;0.19;0.36;-0.72;0.93;0.77;0.27;-0.96;0.96;0.21;0.33;-0.66;0.94;0.76;0.31;-0.89;0.96;0.23;0.38;-0.59;0.93;0.65;1.56;-0.09;0.01;0.44;1.57;0.09;0.01;0.64;2.08;-0.25;0.02;0.44;2.06;-0.01;0.01;0.66;2.57;0.2;0.0;0.45;2.58;0.17;0.0;0.66;2.65;0.21;0.0;0.45;2.66;0.17;0.0;0.63;2.72;-0.27;0.0;0.45;2.73;-0.34;0.0
0.57;0.69;-0.74;1.0;0.59;0.65;-0.65;1.0;0.6;0.65;-0.65;1.0;0.61;0.65;-0.65;1.0;0.55;0.65;-0.65;1.0;0.54;0.65;-0.65;1.0;0.53;0.65;-0.65;1.0;0.63;0.68;-0.28;1.0;0.51;0.67;-0.26;1.0;0.59;0.75;-0.61;1.0;0.55;0.75;-0.61;1.0;0.71;0.88;-0.2;0.99;0.4;0.88;-0.08;0.99;0.9;0.71;-0.58;0.99;0.17;0.82;-0.29;1.0;0.8;0.38;-0.87;0.99;0.21;0.47;-0.58;0.98;0.8;0.27;-1.01;0.96;0.19;0.36;-0.71;0.93;0.77;0.27;-0.95;0.96;0.21;0.33;-0.65;0.94;0.76;0.31;-0.88;0.96;0.23;0.38;-0.59;0.93;0.65;1.56;-0.09;0.01;0.44;1.57;0.09;0.01;0.64;2.08;-0.24;0.02;0.44;2.06;-0.01;0.01;0.65;2.58;0.19;0.0;0.44;2.59;0.17;0.0;0.66;2.65;0.21;0.0;0.44;2.67;0.17;0.0;0.63;2.72;-0.28;0.0;0.45;2.73;-0.34;0.0
0.57;0.69;-0.72;1.0;0.59;0.65;-0.64;1.0;0.6;0.65;-0.64;1.0;0.61;0.65;-0.64;1.0;0.55;0.65;-0.63;1.0;0.54;0.65;-0.63;1.0;0.53;0.65;-0.63;1.0;0.62;0.68;-0.27;1.0;0.5;0.67;-0.24;1.0;0.59;0.75;-0.59;1.0;0.55;0.75;-0.59;1.0;0.71;0.88;-0.18;0.99;0.4;0.88;-0.08;0.99;0.9;0.73;-0.56;0.99;0.18;0.8;-0.28;1.0;0.8;0.39;-0.82;0.99;0.22;0.46;-0.5;0.98;0.79;0.28;-0.95;0.96;0.22;0.36;-0.62;0.93;0.76;0.28;-0.89;0.96;0.25;0.33;-0.56;0.94;0.76;0.32;-0.83;0.96;0.25;0.37;-0.51;0.93;0.65;1.56;-0.08;0.01;0.44;1.57;0.08;0.01;0.64;2.09;-0.25;0.02;0.44;2.06;-0.03;0.01;0.65;2.58;0.18;0.0;0.44;2.59;0.14;0.0;0.65;2.66;0.19;0.0;0.44;2.67;0.13;0.0;0.63;2.73;-0.3;0.0;0.45;2.74;-0.39;0.0
0.57;0.69;-0.71;1.0;0.59;0.65;-0.62;1.0;0.6;0.65;-0.62;1.0;0.61;0.65;-0.62;1.0;0.55;0.65;-0.62;1.0;0.54;0.65;-0.62;1.0;0.53;0.65;-0.62;1.0;0.62;0.68;-0.26;1.0;0.5;0.67;-0.23;1.0;0.59;0.75;-0.58;1.0;0.55;0.75;-0.58;1.0;0.71;0.88;-0.17;0.99;0.4;0.88;-0.07;0.99;0.9;0.73;-0.55;0.99;0.18;0.79;-0.28;1.0;0.8;0.4;-0.81;0.99;0.23;0.46;-0.5;0.98;0.79;0.29;-0.94;0.96;0.23;0.36;-0.62;0.93;0.76;0.29;-0.88;0.96;0.26;0.33;-0.55;0.94;0.76;0.33;-0.82;0.96;0.26;0.37;-0.5;0.93;0.65;1.56;-0.08;0.01;0.44;1.57;0.08;0.01;0.64;2.09;-0.25;0.01;0.44;2.07;-0.04;0.01;0.65;2.58;0.17;0.0;0.44;2.6;0.12;0.0;0.65;2.66;0.18;0.0;0.45;2.68;0.11;0.0;0.63;2.73;-0.31;0.0;0.45;2.75;-0.41;0.0
0.57;0.69;-0.7;1.0;0.59;0.65;-0.62;1.0;0.6;0.65;-0.62;1.0;0.61;0.65;-0.62;1.0;0.55;0.65;-0.61;1.0;0.54;0.65;-0.61;1.0;0.53;0.65;-0.61;1.0;0.62;0.68;-0.25;1.0;0.5;0.67;-0.23;1.0;0.59;0.75;-0.58;1.0;0.55;0.75;-0.57;1.0;0.71;0.88;-0.17;0.99;0.4;0.88;-0.07;0.99;0.9;0.74;-0.55;0.99;0.18;0.79;-0.27;1.0;0.8;0.4;-0.81;0.99;0.23;0.46;-0.49;0.98;0.79;0.29;-0.93;0.96;0.23;0.36;-0.61;0.93;0.76;0.29;-0.87;0.96;0.26;0.33;-0.54;0.94;0.76;0.33;-0.81;0.95;0.27;0.37;-0.49;0.93;0.65;1.56;-0.07;0.01;0.44;1.57;0.08;0.01;0.64;2.09;-0.25;0.01;0.44;2.07;-0.04;0.01;0.65;2.58;0.16;0.0;0.44;2.6;0.11;0.0;0.65;2.66;0.17;0.0;0.45;2.68;0.11;0.0;0.63;2.73;-0.32;0.0;0.45;2.75;-0.42;0.0
0.57;0.69;-0.71;1.0;0.58;0.65;-0.62;1.0;0.6;0.65;-0.62;1.0;0.61;0.65;-0.62;1.0;0.55;0.65;-0.62;1.0;0.54;0.65;-0.62;1.0;0.53;0.65;-0.62;1.0;0.62;0.68;-0.24;1.0;0.5;0.67;-0.23;1.0;0.59;0.75;-0.58;1.0;0.54;0.75;-0.58;1.0;0.71;0.88;-0.15;0.99;0.4;0.88;-0.14;0.99;0.9;0.75;-0.55;0.99;0.18;0.78;-0.64;1.0;0.8;0.43;-0.82;0.99;0.28;0.45;-1.07;0.98;0.78;0.33;-0.94;0.96;0.29;0.35;-1.22;0.93;0.75;0.32;-0.87;0.96;0.32;0.33;-1.12;0.94;0.75;0.36;-0.82;0.95;0.32;0.37;-1.06;0.93;0.65;1.56;-0.05;0.01;0.44;1.57;0.05;0.01;0.64;2.11;-0.24;0.02;0.44;2.09;-0.14;0.01;0.64;2.61;0.11;0.0;0.44;2.62;-0.04;0.0;0.64;2.68;0.12;0.0;0.45;2.7;-0.05;0.0;0.63;2.75;-0.38;0.0;0.45;2.77;-0.59;0.0
0.57;0.69;-0.71;1.0;0.58;0.65;-0.62;1.0;0.6;0.65;-0.62;1.0;0.61;0.65;-0.62;1.0;0.55;0.65;-0.62;1.0;0.54;0.65;-0.62;1.0;0.53;0.65;-0.63;1.0;0.62;0.68;-0.24;1.0;0.5;0.67;-0.24;1.0;0.59;0.75;-0.58;1.0;0.54;0.75;-0.58;1.0;0.71;0.89;-0.15;0.99;0.4;0.88;-0.15;0.99;0.9;0.76;-0.57;0.99;0.18;0.77;-0.65;1.0;0.8;0.44;-0.82;0.99;0.29;0.45;-1.09;0.98;0.78;0.34;-0.95;0.96;0.3;0.35;-1.24;0.93;0.75;0.33;-0.88;0.96;0.33;0.33;-1.14;0.94;0.75;0.37;-0.83;0.95;0.33;0.37;-1.08;0.94;0.65;1.56;-0.03;0.01;0.43;1.57;0.04;0.01;0.63;2.11;-0.25;0.02;0.44;2.1;-0.17;0.01;0.64;2.61;0.08;0.0;0.44;2.63;-0.08;0.0;0.64;2.68;0.08;0.0;0.45;2.71;-0.1;0.0;0.63;2.76;-0.42;0.0;0.45;2.77;-0.64;0.0
0.57;0.69;-0.71;1.0;0.58;0.65;-0.62;1.0;0.6;0.65;-0.62;1.0;0.61;0.65;-0.62;1.0;0.55;0.65;-0.62;1.0;0.54;0.65;-0.62;1.0;0.52;0.65;-0.63;1.0;0.62;0.68;-0.24;1.0;0.5;0.67;-0.24;1.0;0.59;0.74;-0.58;1.0;0.54;0.75;-0.58;1.0;0.71;0.89;-0.15;0.99;0.4;0.88;-0.14;0.99;0.9;0.76;-0.57;0.99;0.18;0.77;-0.62;1.0;0.8;0.44;-0.83;0.99;0.29;0.44;-1.05;0.98;0.78;0.35;-0.95;0.96;0.31;0.34;-1.2;0.94;0.75;0.33;-0.88;0.96;0.33;0.33;-1.1;0.95;0.75;0.37;-0.83;0.95;0.34;0.38;-1.04;0.94;0.65;1.56;-0.03;0.01;0.43;1.57;0.03;0.01;0.63;2.11;-0.26;0.02;0.44;2.1;-0.17;0.01;0.64;2.61;0.06;0.0;0.44;2.63;-0.09;0.0;0.64;2.69;0.06;0.0;0.45;2.71;-0.1;0.0;0.63;2.76;-0.44;0.0;0.45;2.78;-0.64;0.0
0.57;0.69;-0.76;1.0;0.58;0.65;-0.67;1.0;0.6;0.65;-0.67;1.0;0.61;0.65;-0.67;1.0;0.55;0.65;-0.67;1.0;0.54;0.65;-0.67;1.0;0.52;0.65;-0.67;1.0;0.62;0.68;-0.28;1.0;0.5;0.67;-0.3;1.0;0.59;0.74;-0.62;1.0;0.54;0.74;-0.63;1.0;0.7;0.89;-0.21;0.99;0.4;0.88;-0.23;0.99;0.9;0.76;-0.77;0.99;0.19;0.75;-0.86;1.0;0.8;0.45;-1.1;0.99;0.32;0.44;-1.35;0.98;0.77;0.36;-1.23;0.96;0.35;0.34;-1.51;0.94;0.75;0.34;-1.14;0.96;0.37;0.33;-1.4;0.95;0.75;0.38;-1.09;0.95;0.37;0.37;-1.34;0.94;0.65;1.56;-0.03;0.02;0.43;1.57;0.04;0.01;0.63;2.12;-0.29;0.03;0.44;2.11;-0.18;0.01;0.64;2.62;0.02;0.0;0.44;2.63;-0.11;0.0;0.64;2.69;0.02;0.0;0.45;2.71;-0.12;0.0;0.63;2.76;-0.49;0.0;0.46;2.78;-0.66;0.0
0.57;0.69;-0.77;1.0;0.58;0.65;-0.68;1.0;0.6;0.65;-0.68;1.0;0.61;0.65;-0.68;1.0;0.55;0.65;-0.69;1.0;0.54;0.65;-0.69;1.0;0.52;0.65;-0.69;1.0;0.62;0.68;-0.29;1.0;0.5;0.66;-0.31;1.0;0.59;0.74;-0.64;1.0;0.54;0.74;-0.64;1.0;0.7;0.89;-0.23;0.99;0.4;0.88;-0.24;0.99;0.9;0.76;-0.8;0.99;0.2;0.75;-0.88;1.0;0.8;0.45;-1.12;0.99;0.33;0.44;-1.38;0.99;0.77;0.36;-1.25;0.96;0.35;0.34;-1.54;0.94;0.75;0.35;-1.16;0.96;0.38;0.33;-1.43;0.95;0.74;0.38;-1.11;0.95;0.38;0.37;-1.37;0.94;0.65;1.57;-0.04;0.02;0.43;1.57;0.04;0.02;0.64;2.12;-0.3;0.03;0.44;2.11;-0.18;0.01;0.64;2.62;0.01;0.0;0.45;2.63;-0.1;0.0;0.64;2.69;0.02;0.0;0.45;2.71;-0.11;0.0;0.63;2.76;-0.49;0.0;0.46;2.78;-0.65;0.0
0.57;0.69;-0.77;1.0;0.58;0.65;-0.69;1.0;0.6;0.65;-0.69;1.0;0.61;0.65;-0.68;1.0;0.55;0.65;-0.69;1.0;0.54;0.65;-0.69;1.0;0.52;0.65;-0.69;1.0;0.62;0.68;-0.29;1.0;0.5;0.66;-0.32;1.0;0.59;0.74;-0.64;1.0;0.54;0.74;-0.65;1.0;0.7;0.89;-0.23;0.99;0.4;0.88;-0.24;0.99;0.9;0.76;-0.8;0.99;0.2;0.75;-0.88;1.0;0.8;0.45;-1.13;0.99;0.33;0.44;-1.38;0.99;0.77;0.36;-1.26;0.96;0.35;0.34;-1.54;0.94;0.74;0.35;-1.17;0.96;0.38;0.33;-1.43;0.95;0.74;0.38;-1.12;0.95;0.38;0.37;-1.37;0.94;0.65;1.57;-0.04;0.02;0.43;1.57;0.04;0.02;0.64;2.12;-0.3;0.03;0.44;2.11;-0.18;0.01;0.64;2.62;0.02;0.0;0.45;2.63;-0.1;0.0;0.64;2.7;0.02;0.0;0.45;2.71;-0.11;0.0;0.63;2.76;-0.48;0.0;0.46;2.78;-0.65;0.0
0.57;0.69;-0.71;1.0;0.58;0.65;-0.62;1.0;0.59;0.65;-0.62;1.0;0.6;0.65;-0.62;1.0;0.55;0.65;-0.62;1.0;0.54;0.65;-0.62;1.0;0.52;0.65;-0.62;1.0;0.62;0.67;-0.23;1.0;0.5;0.66;-0.25;1.0;0.59;0.74;-0.58;1.0;0.54;0.74;-0.59;1.0;0.7;0.89;-0.17;0.99;0.4;0.88;-0.19;0.99;0.9;0.77;-0.65;0.99;0.21;0.72;-0.71;1.0;0.79;0.46;-0.87;0.99;0.35;0.42;-0.94;0.99;0.76;0.37;-0.99;0.96;0.37;0.32;-1.08;0.95;0.74;0.35;-0.91;0.96;0.39;0.32;-0.97;0.95;0.74;0.39;-0.86;0.95;0.39;0.36;-0.93;0.95;0.65;1.57;-0.04;0.02;0.44;1.57;0.04;0.02;0.64;2.12;-0.33;0.03;0.44;2.11;-0.21;0.01;0.64;2.62;-0.03;0.0;0.46;2.63;-0.17;0.0;0.64;2.69;-0.03;0.0;0.46;2.71;-0.19;0.0;0.63;2.76;-0.54;0.0;0.48;2.78;-0.74;0.0
0.57;0.69;-0.69;1.0;0.58;0.65;-0.6;1.0;0.59;0.65;-0.6;1.0;0.6;0.65;-0.6;1.0;0.55;0.65;-0.6;1.0;0.54;0.65;-0.6;1.0;0.52;0.65;-0.6;1.0;0.62;0.67;-0.22;1.0;0.5;0.66;-0.23;1.0;0.59;0.74;-0.56;1.0;0.54;0.74;-0.57;1.0;0.7;0.89;-0.15;0.99;0.4;0.88;-0.17;0.99;0.9;0.77;-0.61;0.99;0.21;0.71;-0.65;1.0;0.79;0.47;-0.82;0.99;0.35;0.41;-0.88;0.99;0.76;0.37;-0.94;0.96;0.37;0.31;-1.02;0.95;0.74;0.36;-0.87;0.96;0.4;0.32;-0.92;0.95;0.74;0.39;-0.82;0.95;0.4;0.36;-0.87;0.95;0.65;1.57;-0.04;0.03;0.44;1.57;0.04;0.02;0.64;2.12;-0.33;0.03;0.45;2.11;-0.22;0.01;0.64;2.62;-0.03;0.0;0.47;2.63;-0.18;0.0;0.64;2.69;-0.03;0.0;0.47;2.71;-0.19;0.0;0.63;2.76;-0.55;0.0;0.48;2.77;-0.74;0.0
